water,style,mode,error_ppm,old_error_ppm,conditional_lower_bound_ppm,gap_ppm,salts,ms,ra,doses
"Osmosée","01A","minimum","3.952","4.538","3.964","-0.012","2","6.70","-44.4","{""gypse"":2.3,""cacl2"":2.6}"
"Osmosée","01A","target","5.719","6.138","5.727","-0.008","2","3.92","-44.4","{""gypse"":2.3,""cacl2"":2.6}"
"Osmosée","01A","modest","5.719","6.138","5.727","-0.008","2","3.51","-44.4","{""gypse"":2.3,""cacl2"":2.6}"
"Osmosée","05B","minimum","1.630","2.387","1.522","0.108","2","2.95","-61.4","{""gypse"":3.4,""cacl2"":3.4}"
"Osmosée","05B","target","4.698","5.011","4.449","0.249","2","3.04","-61.4","{""gypse"":3.4,""cacl2"":3.4}"
"Osmosée","05B","modest","4.698","5.011","4.449","0.249","2","3.45","-61.4","{""gypse"":3.4,""cacl2"":3.4}"
"Osmosée","05D","minimum","5.843","7.090","5.849","-0.006","2","2.42","-55.8","{""gypse"":3.9,""cacl2"":2.4}"
"Osmosée","05D","target","6.914","7.996","6.919","-0.005","2","2.73","-55.8","{""gypse"":3.9,""cacl2"":2.4}"
"Osmosée","05D","modest","6.914","7.996","6.919","-0.005","2","2.71","-55.8","{""gypse"":3.9,""cacl2"":2.4}"
"Osmosée","04A","minimum","7.163","7.684","7.134","0.030","2","2.68","-47.9","{""gypse"":1.9,""cacl2"":3.3}"
"Osmosée","04A","target","8.410","8.858","8.385","0.025","2","2.67","-47.9","{""gypse"":1.9,""cacl2"":3.3}"
"Osmosée","04A","modest","8.410","8.858","8.385","0.025","2","2.40","-47.9","{""gypse"":1.9,""cacl2"":3.3}"
"Osmosée","06C","minimum","12.352","12.340","12.350","0.002","3","3.58","59.4","{""gypse"":2.4,""cacl2"":5,""nahco3"":4.3}"
"Osmosée","06C","target","8.325","8.662","8.323","0.002","3","3.70","59.4","{""gypse"":2.4,""cacl2"":5,""nahco3"":4.3}"
"Osmosée","06C","modest","7.973","8.323","7.970","0.003","3","3.21","59.4","{""gypse"":2.4,""cacl2"":5,""nahco3"":4.3}"
"Osmosée","08B","minimum","11.454","11.730","11.437","0.018","4","3.13","85.3","{""gypse"":2.4,""cacl2"":4.8,""nahco3"":4.3,""chaux"":0.5}"
"Osmosée","08B","target","6.496","6.971","6.465","0.031","4","3.16","85.3","{""gypse"":2.4,""cacl2"":4.8,""nahco3"":4.3,""chaux"":0.5}"
"Osmosée","08B","modest","6.496","6.971","6.465","0.031","4","3.28","85.3","{""gypse"":2.4,""cacl2"":4.8,""nahco3"":4.3,""chaux"":0.5}"
"Osmosée","10A","minimum","2.484","3.153","2.454","0.030","2","2.42","-59.1","{""gypse"":2.3,""cacl2"":4.1}"
"Osmosée","10A","target","6.916","7.184","6.592","0.324","2","2.79","-59.1","{""gypse"":2.3,""cacl2"":4.1}"
"Osmosée","10A","modest","6.916","7.184","6.592","0.324","2","2.95","-59.1","{""gypse"":2.3,""cacl2"":4.1}"
"Osmosée","11C","minimum","4.828","5.274","4.815","0.013","2","2.32","-141.2","{""gypse"":11.6,""cacl2"":4.6}"
"Osmosée","11C","target","9.915","10.140","9.457","0.458","2","2.28","-141.2","{""gypse"":11.6,""cacl2"":4.6}"
"Osmosée","11C","modest","7.526","7.820","7.448","0.078","2","2.49","-141.2","{""gypse"":11.6,""cacl2"":4.6}"
"Osmosée","13C","minimum","14.330","14.332","14.344","-0.014","3","4.07","68.4","{""gypse"":3.5,""cacl2"":6.2,""nahco3"":5.3}"
"Osmosée","13C","target","7.275","7.549","7.268","0.007","3","4.21","68.4","{""gypse"":3.5,""cacl2"":6.2,""nahco3"":5.3}"
"Osmosée","13C","modest","9.274","9.420","9.278","-0.003","3","5.33","68.4","{""gypse"":3.5,""cacl2"":6.2,""nahco3"":5.3}"
"Osmosée","15B","minimum","14.252","14.268","14.245","0.006","4","3.42","115.9","{""gypse"":3,""cacl2"":5.9,""nahco3"":6.5,""chaux"":0.1}"
"Osmosée","15B","target","7.991","8.020","7.909","0.082","4","3.00","115.9","{""gypse"":3,""cacl2"":5.9,""nahco3"":6.5,""chaux"":0.1}"
"Osmosée","15B","modest","11.731","11.750","11.703","0.028","4","3.07","115.9","{""gypse"":3,""cacl2"":5.9,""nahco3"":6.5,""chaux"":0.1}"
"Osmosée","16A","minimum","14.755","14.511","14.751","0.004","3","3.90","102.5","{""gypse"":3.1,""cacl2"":7.3,""nahco3"":6.7}"
"Osmosée","16A","target","7.162","6.976","6.942","0.220","3","3.84","102.5","{""gypse"":3.1,""cacl2"":7.3,""nahco3"":6.7}"
"Osmosée","16A","modest","12.215","11.982","12.135","0.080","3","4.05","102.5","{""gypse"":3.1,""cacl2"":7.3,""nahco3"":6.7}"
"Osmosée","20C","minimum","16.248","16.114","16.243","0.005","3","3.93","117.4","{""gypse"":3.8,""cacl2"":6.7,""nahco3"":7.2}"
"Osmosée","20C","target","7.740","7.799","7.729","0.011","3","4.13","117.4","{""gypse"":3.8,""cacl2"":6.7,""nahco3"":7.2}"
"Osmosée","20C","modest","13.705","13.601","13.699","0.006","3","4.40","117.4","{""gypse"":3.8,""cacl2"":6.7,""nahco3"":7.2}"
"Osmosée","18B","minimum","0.339","0.306","0.183","0.157","2","2.08","-106.4","{""gypse"":8,""cacl2"":4.1}"
"Osmosée","18B","target","6.205","7.779","6.186","0.019","3","2.80","-98.5","{""gypse"":8.1,""cacl2"":3.2,""nacl"":0.8}"
"Osmosée","18B","modest","5.271","6.462","5.263","0.008","3","2.88","-99.5","{""gypse"":8.1,""cacl2"":3.3,""nacl"":0.7}"
"Osmosée","21A","minimum","0.346","4.813","0.000","0.346","3","2.55","-128.4","{""gypse"":13.1,""cacl2"":2,""kcl"":1.4}"
"Osmosée","21A","target","3.734","9.142","3.698","0.037","3","2.04","-124.4","{""gypse"":13.2,""cacl2"":1.5,""nacl"":1.5}"
"Osmosée","21A","modest","3.204","8.052","3.071","0.133","3","2.15","-126.4","{""gypse"":13.1,""cacl2"":1.8,""nacl"":1.3}"
"Osmosée","21B","minimum","5.424","16.127","4.830","0.594","5","7.23","99.3","{""gypse"":4.8,""cacl2"":2,""epsom"":5.1,""kcl"":2.8,""chaux"":3.6}"
"Osmosée","21B","target","1.400","13.080","0.000","1.400","5","11.98","101.4","{""gypse"":6.6,""epsom"":2.6,""nacl"":1.6,""kcl"":2.8,""chaux"":3.4}"
"Osmosée","21B","modest","1.400","13.080","0.000","1.400","5","13.56","101.4","{""gypse"":6.6,""epsom"":2.6,""nacl"":1.6,""kcl"":2.8,""chaux"":3.4}"
"Osmosée","21C","minimum","0.372","6.501","0.000","0.372","3","2.03","-117.4","{""gypse"":4.4,""cacl2"":8.3,""kcl"":1.9}"
"Osmosée","21C","target","3.231","10.133","3.124","0.107","3","2.11","-116.4","{""gypse"":4.4,""cacl2"":8.2,""nacl"":1.6}"
"Osmosée","21C","modest","2.926","9.162","2.503","0.422","3","2.31","-117.4","{""gypse"":4.4,""cacl2"":8.3,""nacl"":1.5}"
"Osmosée","23A","minimum","4.301","5.158","4.282","0.019","2","2.15","-59.1","{""gypse"":2.3,""cacl2"":4.1}"
"Osmosée","23A","target","7.561","8.079","7.517","0.044","2","2.19","-59.1","{""gypse"":2.3,""cacl2"":4.1}"
"Osmosée","23A","modest","7.561","8.079","7.517","0.044","2","2.26","-59.1","{""gypse"":2.3,""cacl2"":4.1}"
"Osmosée","27","minimum","4.702","5.595","4.657","0.045","3","2.18","-53.4","{""gypse"":2.8,""cacl2"":3.1,""nacl"":4.5}"
"Osmosée","27","target","14.100","35.875","14.062","0.037","2","2.01","-24.9","{""gypse"":3,""nacl"":7.5}"
"Osmosée","27","modest","4.948","5.803","4.905","0.043","3","2.24","-53.4","{""gypse"":2.8,""cacl2"":3.1,""nacl"":4.5}"
"Osmosée","24A","minimum","0.518","0.518","0.000","0.518","2","2.17","-70.1","{""gypse"":2.7,""cacl2"":4.9}"
"Osmosée","24A","target","4.986","6.476","4.972","0.014","3","2.23","-63.2","{""gypse"":2.8,""cacl2"":4.1,""nacl"":0.7}"
"Osmosée","24A","modest","4.986","6.476","4.972","0.014","3","2.49","-63.2","{""gypse"":2.8,""cacl2"":4.1,""nacl"":0.7}"
"Osmosée","24C","minimum","0.321","0.321","0.000","0.321","2","1.89","-85.9","{""gypse"":4.6,""cacl2"":4.9}"
"Osmosée","24C","target","5.970","7.779","5.959","0.011","3","2.10","-77.1","{""gypse"":4.7,""cacl2"":3.9,""nacl"":0.9}"
"Osmosée","24C","modest","5.072","6.463","5.050","0.022","3","2.60","-79","{""gypse"":4.7,""cacl2"":4.1,""nacl"":0.7}"
"Osmosée","25B","minimum","0.387","2.583","0.000","0.387","3","2.29","-79.9","{""gypse"":6.1,""cacl2"":3,""kcl"":0.8}"
"Osmosée","25B","target","3.875","6.953","3.848","0.026","3","2.28","-76.9","{""gypse"":6.2,""cacl2"":2.6,""nacl"":1}"
"Osmosée","25B","modest","3.875","6.953","3.848","0.026","3","2.31","-76.9","{""gypse"":6.2,""cacl2"":2.6,""nacl"":1}"
"Osmosée","26C","minimum","2.192","2.831","2.158","0.034","2","1.89","-75.1","{""gypse"":4.7,""cacl2"":3.7}"
"Osmosée","26C","target","6.593","6.832","6.175","0.418","2","2.06","-75.1","{""gypse"":4.7,""cacl2"":3.7}"
"Osmosée","26C","modest","6.593","6.832","6.175","0.418","2","2.16","-75.1","{""gypse"":4.7,""cacl2"":3.7}"
"Osmosée","26D","minimum","12.503","12.559","12.504","-0.001","3","4.57","46.4","{""gypse"":4.2,""cacl2"":5.4,""nahco3"":4.5}"
"Osmosée","26D","target","6.318","6.805","6.319","-0.002","3","4.36","46.4","{""gypse"":4.2,""cacl2"":5.4,""nahco3"":4.5}"
"Osmosée","26D","modest","7.810","8.107","7.811","-0.001","3","5.35","46.4","{""gypse"":4.2,""cacl2"":5.4,""nahco3"":4.5}"
"Osmosée","NA-BLONDE","minimum","0.798","7.937","0.786","0.013","3","2.72","-79.1","{""gypse"":2.6,""cacl2"":5.9,""nacl"":0.6}"
"Osmosée","NA-BLONDE","target","4.649","9.438","4.614","0.035","3","2.51","-74.2","{""gypse"":2.6,""cacl2"":5.4,""nacl"":1.1}"
"Osmosée","NA-BLONDE","modest","3.739","8.831","3.727","0.012","3","2.14","-76.1","{""gypse"":2.6,""cacl2"":5.6,""nacl"":0.9}"
"Osmosée","NA-IPA","minimum","0.268","12.068","0.000","0.268","4","2.28","-96.4","{""gypse"":4.8,""cacl2"":5.8,""nacl"":0.7,""kcl"":1.8}"
"Osmosée","NA-IPA","target","1.566","13.104","1.562","0.004","4","2.17","-98.6","{""gypse"":4.8,""cacl2"":5.7,""mgcl2"":0.9,""nacl"":1.7}"
"Osmosée","NA-IPA","modest","0.939","12.674","0.941","-0.002","4","2.12","-100.4","{""gypse"":4.8,""cacl2"":5.7,""mgcl2"":1.4,""nacl"":1.4}"
"Osmosée","NA-WEISS","minimum","0.411","10.075","0.000","0.411","4","2.26","-63.8","{""gypse"":2.4,""cacl2"":4.5,""nacl"":0.8,""kcl"":0.7}"
"Osmosée","NA-WEISS","target","2.890","11.296","2.804","0.086","3","2.26","-61.8","{""gypse"":2.4,""cacl2"":4.3,""nacl"":1.6}"
"Osmosée","NA-WEISS","modest","2.415","10.794","2.183","0.232","3","2.21","-63.8","{""gypse"":2.4,""cacl2"":4.5,""nacl"":1.4}"
"Osmosée","NA-STOUT","minimum","11.446","11.446","11.345","0.101","4","2.84","100.4","{""gypse"":2.4,""cacl2"":8,""nahco3"":6.5,""chaux"":0.1}"
"Osmosée","NA-STOUT","target","6.456","6.456","5.907","0.549","4","2.86","100.4","{""gypse"":2.4,""cacl2"":8,""nahco3"":6.5,""chaux"":0.1}"
"Osmosée","NA-STOUT","modest","11.805","11.805","11.513","0.291","4","3.16","100.4","{""gypse"":2.4,""cacl2"":8,""nahco3"":6.5,""chaux"":0.1}"
"Osmosée","NA-LAGER","minimum","0.802","8.191","0.609","0.193","3","2.26","-63.5","{""gypse"":2.6,""cacl2"":4.3,""nacl"":0.6}"
"Osmosée","NA-LAGER","target","3.625","9.061","3.589","0.036","3","2.27","-60.4","{""gypse"":2.7,""cacl2"":3.9,""nacl"":1}"
"Osmosée","NA-LAGER","modest","3.625","9.061","3.589","0.036","3","2.06","-60.4","{""gypse"":2.7,""cacl2"":3.9,""nacl"":1}"
"Osmosée","—","minimum","0.675","1.607","0.648","0.027","2","2.06","-89.7","{""gypse"":4.7,""cacl2"":5.2}"
"Osmosée","—","target","6.469","7.937","6.464","0.005","3","2.16","-81.8","{""gypse"":4.8,""cacl2"":4.3,""nacl"":0.8}"
"Osmosée","—","modest","5.553","6.652","5.527","0.025","3","2.17","-83.7","{""gypse"":4.8,""cacl2"":4.5,""nacl"":0.6}"
"Angles","01A","minimum","2.866","17.190","2.453","0.413","2","2.32","85.8","{""epsom"":2.6,""kcl"":2.4}"
"Angles","01A","target","1.177","17.532","0.810","0.367","3","2.15","85.8","{""epsom"":2.6,""nacl"":0.9,""kcl"":1.2}"
"Angles","01A","modest","1.177","17.532","0.810","0.367","3","2.49","85.8","{""epsom"":2.6,""nacl"":0.9,""kcl"":1.2}"
"Angles","05B","minimum","2.903","11.192","2.704","0.199","4","2.16","71.6","{""gypse"":1.8,""epsom"":1.6,""mgcl2"":0.6,""kcl"":2.8}"
"Angles","05B","target","0.306","11.794","0.086","0.220","4","2.32","75.4","{""gypse"":1.4,""epsom"":2.2,""nacl"":0.9,""kcl"":2.1}"
"Angles","05B","modest","0.306","11.794","0.086","0.220","4","2.24","75.4","{""gypse"":1.4,""epsom"":2.2,""nacl"":0.9,""kcl"":2.1}"
"Angles","05D","minimum","2.019","10.927","2.005","0.014","3","2.24","69.9","{""gypse"":2.3,""epsom"":1.5,""kcl"":2.1}"
"Angles","05D","target","0.431","11.332","0.000","0.431","4","2.57","70.9","{""gypse"":2,""epsom"":2,""nacl"":0.6,""kcl"":1.4}"
"Angles","05D","modest","0.431","11.332","0.000","0.431","4","2.15","70.9","{""gypse"":2,""epsom"":2,""nacl"":0.6,""kcl"":1.4}"
"Angles","04A","minimum","1.570","9.930","0.636","0.933","2","2.54","82.6","{""gypse"":1.3,""kcl"":2.8}"
"Angles","04A","target","1.011","10.603","0.000","1.011","3","2.37","74.2","{""gypse"":1.3,""mgcl2"":2.4,""nacl"":0.9}"
"Angles","04A","modest","1.011","10.603","0.000","1.011","3","2.38","74.2","{""gypse"":1.3,""mgcl2"":2.4,""nacl"":0.9}"
"Angles","06C","minimum","1.459","12.567","1.370","0.089","4","2.51","61.5","{""gypse"":1.3,""cacl2"":1.9,""epsom"":0.9,""kcl"":2.8}"
"Angles","06C","target","0.945","13.352","0.517","0.428","3","2.48","57","{""cacl2"":2.9,""epsom"":2.8,""nacl"":1.4}"
"Angles","06C","modest","0.541","13.156","0.000","0.541","3","3.18","57","{""cacl2"":2.9,""epsom"":2.8,""nacl"":1.4}"
"Angles","08B","minimum","3.678","13.177","2.938","0.740","4","5.20","83.9","{""gypse"":1.9,""cacl2"":1.8,""kcl"":2.8,""nahco3"":0.8}"
"Angles","08B","target","0.382","12.707","0.000","0.382","5","5.26","84.7","{""cacl2"":2.8,""epsom"":2.8,""nacl"":0.8,""kcl"":0.9,""nahco3"":0.9}"
"Angles","08B","modest","0.382","12.707","0.000","0.382","5","4.75","84.7","{""cacl2"":2.8,""epsom"":2.8,""nacl"":0.8,""kcl"":0.9,""nahco3"":0.9}"
"Angles","10A","minimum","2.515","16.125","2.341","0.174","3","2.40","73.1","{""gypse"":1.8,""mgcl2"":1.5,""kcl"":2.8}"
"Angles","10A","target","0.495","17.132","0.000","0.495","4","2.48","74.1","{""cacl2"":1.2,""epsom"":2.6,""nacl"":1.4,""kcl"":1}"
"Angles","10A","modest","0.495","17.132","0.000","0.495","4","2.65","74.1","{""cacl2"":1.2,""epsom"":2.6,""nacl"":1.4,""kcl"":1}"
"Angles","11C","minimum","0.919","14.169","0.554","0.365","4","2.09","-4.8","{""gypse"":11.1,""cacl2"":0.6,""nacl"":0.8,""kcl"":2.8}"
"Angles","11C","target","0.699","16.358","0.628","0.071","4","2.07","-9.4","{""gypse"":9.6,""cacl2"":1.7,""epsom"":2.2,""nacl"":2.1}"
"Angles","11C","modest","0.712","15.135","0.000","0.712","4","2.19","-14.3","{""gypse"":11.1,""cacl2"":0.6,""mgcl2"":2.7,""nacl"":1.4}"
"Angles","13C","minimum","3.385","14.838","3.319","0.066","5","4.40","66.3","{""gypse"":3,""cacl2"":2.2,""mgcl2"":1.3,""kcl"":2.8,""nahco3"":0.8}"
"Angles","13C","target","0.220","14.828","0.078","0.142","5","7.12","66.2","{""gypse"":3,""cacl2"":1.9,""mgcl2"":3,""nacl"":1.5,""nahco3"":0.9}"
"Angles","13C","modest","0.280","14.213","0.000","0.280","6","7.02","68.7","{""gypse"":3,""cacl2"":1.9,""mgcl2"":2.3,""nacl"":0.8,""kcl"":1.4,""nahco3"":0.9}"
"Angles","15B","minimum","5.348","18.295","4.683","0.665","4","4.19","118.1","{""cacl2"":3.4,""epsom"":3.7,""kcl"":2.4,""nahco3"":2.3}"
"Angles","15B","target","0.553","17.834","0.000","0.553","5","4.67","117.8","{""cacl2"":3.4,""epsom"":3.8,""nacl"":0.9,""kcl"":1.3,""nahco3"":2.3}"
"Angles","15B","modest","1.330","17.815","0.870","0.460","4","6.60","118.1","{""cacl2"":3.4,""epsom"":3.7,""kcl"":2.4,""nahco3"":2.3}"
"Angles","16A","minimum","5.130","20.589","4.705","0.425","4","6.79","100.9","{""cacl2"":4.5,""epsom"":3.9,""kcl"":2.7,""nahco3"":2.1}"
"Angles","16A","target","0.420","20.582","0.000","0.420","5","8.31","100.9","{""cacl2"":4.5,""epsom"":3.9,""nacl"":1.5,""kcl"":0.8,""nahco3"":2.1}"
"Angles","16A","modest","1.219","20.242","0.896","0.323","4","8.56","100.9","{""cacl2"":4.5,""epsom"":3.9,""kcl"":2.7,""nahco3"":2.1}"
"Angles","20C","minimum","5.602","16.464","5.567","0.036","5","4.38","119.1","{""gypse"":1.9,""cacl2"":3.7,""epsom"":2,""kcl"":2.8,""nahco3"":2.8}"
"Angles","20C","target","0.629","15.485","0.000","0.629","4","9.92","120","{""cacl2"":5,""epsom"":4.8,""nacl"":1.2,""nahco3"":3}"
"Angles","20C","modest","2.174","15.595","2.136","0.038","5","4.32","119.8","{""gypse"":3.3,""cacl2"":2.2,""mgcl2"":2.3,""kcl"":2.7,""nahco3"":2.8}"
"Angles","18B","minimum","4.043","16.972","3.227","0.816","3","2.22","25","{""gypse"":7.5,""mgcl2"":1.7,""kcl"":2.8}"
"Angles","18B","target","1.058","18.404","0.000","1.058","4","2.34","34.9","{""gypse"":6.4,""epsom"":1.8,""nacl"":1.8,""kcl"":1.8}"
"Angles","18B","modest","1.045","17.932","0.000","1.045","4","2.04","34.9","{""gypse"":6.4,""epsom"":1.8,""nacl"":1.4,""kcl"":2.3}"
"Angles","21A","minimum","5.333","18.124","5.087","0.246","4","1.88","0.2","{""gypse"":9.7,""epsom"":4.3,""nacl"":0.5,""kcl"":2.7}"
"Angles","21A","target","2.158","19.471","2.111","0.047","4","2.02","1.3","{""gypse"":9.4,""epsom"":4.8,""nacl"":1.8,""kcl"":1}"
"Angles","21A","modest","2.169","19.025","2.111","0.059","4","1.87","1.3","{""gypse"":9.4,""epsom"":4.8,""nacl"":1.4,""kcl"":1.5}"
"Angles","21B","minimum","8.992","18.495","8.584","0.408","4","3.86","102.8","{""gypse"":8.1,""mgcl2"":2.7,""kcl"":2.8,""nahco3"":2.9}"
"Angles","21B","target","1.205","16.028","1.032","0.174","5","6.20","99.3","{""gypse"":5.6,""epsom"":3.5,""nacl"":1.6,""kcl"":2.8,""chaux"":1.3}"
"Angles","21B","modest","1.205","16.028","1.032","0.174","5","6.34","99.3","{""gypse"":5.6,""epsom"":3.5,""nacl"":1.6,""kcl"":2.8,""chaux"":1.3}"
"Angles","21C","minimum","6.109","27.312","5.629","0.480","3","2.07","6.8","{""cacl2"":7.2,""epsom"":5.7,""kcl"":2.8}"
"Angles","21C","target","0.369","28.224","0.173","0.195","5","2.10","19.7","{""gypse"":2,""cacl2"":5,""epsom"":2.9,""nacl"":1.8,""kcl"":2.8}"
"Angles","21C","modest","0.946","27.919","0.794","0.152","5","2.38","17.1","{""gypse"":1.7,""cacl2"":5.4,""epsom"":3.3,""nacl"":1.5,""kcl"":2.8}"
"Angles","23A","minimum","2.343","13.641","1.629","0.715","3","2.10","73.1","{""gypse"":1.8,""mgcl2"":1.5,""kcl"":2.8}"
"Angles","23A","target","0.615","14.729","0.000","0.615","4","2.55","68.3","{""cacl2"":1.8,""epsom"":2.6,""nacl"":1.3,""kcl"":0.5}"
"Angles","23A","modest","0.615","14.729","0.000","0.615","4","2.22","68.3","{""cacl2"":1.8,""epsom"":2.6,""nacl"":1.3,""kcl"":0.5}"
"Angles","27","minimum","0.792","6.992","0.347","0.445","3","2.20","75.1","{""gypse"":2.2,""nacl"":4.5,""kcl"":2.8}"
"Angles","27","target","7.198","35.664","7.179","0.019","2","2.47","75.1","{""gypse"":2.2,""nacl"":7.4}"
"Angles","27","modest","0.430","7.114","0.000","0.430","4","2.96","69.1","{""gypse"":2.2,""mgcl2"":1.7,""nacl"":4.4,""kcl"":1.7}"
"Angles","24A","minimum","3.731","19.822","3.432","0.299","3","2.39","64.3","{""cacl2"":2,""epsom"":3.3,""kcl"":2.8}"
"Angles","24A","target","0.697","20.649","0.000","0.697","4","2.35","66","{""cacl2"":1.8,""epsom"":3.4,""nacl"":1.4,""kcl"":1.3}"
"Angles","24A","modest","0.697","20.649","0.000","0.697","4","2.52","66","{""cacl2"":1.8,""epsom"":3.4,""nacl"":1.4,""kcl"":1.3}"
"Angles","24C","minimum","3.708","20.201","3.376","0.332","3","1.98","49","{""gypse"":4.2,""mgcl2"":2.7,""kcl"":2.8}"
"Angles","24C","target","0.817","21.419","0.000","0.817","4","2.26","50.7","{""gypse"":4.2,""mgcl2"":2.2,""nacl"":1.8,""kcl"":1}"
"Angles","24C","modest","0.804","21.014","0.000","0.804","4","2.34","50.7","{""gypse"":4.2,""mgcl2"":2.2,""nacl"":1.4,""kcl"":1.5}"
"Angles","25B","minimum","4.624","15.943","4.305","0.319","4","2.09","54.2","{""gypse"":3.7,""epsom"":2.9,""nacl"":0.7,""kcl"":2.8}"
"Angles","25B","target","0.744","16.961","0.630","0.114","4","1.95","55.2","{""gypse"":3.4,""epsom"":3.4,""nacl"":1.4,""kcl"":2}"
"Angles","25B","modest","0.744","16.961","0.630","0.114","4","2.22","55.2","{""gypse"":3.4,""epsom"":3.4,""nacl"":1.4,""kcl"":2}"
"Angles","26C","minimum","3.312","17.438","2.457","0.856","3","1.80","54.9","{""gypse"":4.2,""mgcl2"":1,""kcl"":2.8}"
"Angles","26C","target","0.733","18.301","0.000","0.733","4","1.96","61.9","{""gypse"":3.3,""epsom"":1.4,""nacl"":1.4,""kcl"":1.8}"
"Angles","26C","modest","0.733","18.301","0.000","0.733","4","2.13","61.9","{""gypse"":3.3,""epsom"":1.4,""nacl"":1.4,""kcl"":1.8}"
"Angles","26D","minimum","1.920","13.434","1.759","0.161","4","1.89","43.5","{""gypse"":3.7,""cacl2"":1.6,""mgcl2"":1,""kcl"":2.8}"
"Angles","26D","target","1.389","14.566","1.370","0.019","4","2.20","43.9","{""gypse"":3.7,""cacl2"":1.2,""mgcl2"":2,""nacl"":2}"
"Angles","26D","modest","0.854","13.551","0.000","0.854","5","4.33","45.9","{""gypse"":3.7,""cacl2"":1.2,""mgcl2"":2.8,""nacl"":1.5,""chaux"":0.1}"
"Angles","NA-BLONDE","minimum","3.316","13.334","2.842","0.475","4","1.94","56.1","{""cacl2"":2.9,""epsom"":3.1,""nacl"":0.7,""kcl"":2.8}"
"Angles","NA-BLONDE","target","0.191","14.174","0.000","0.191","5","2.29","59.4","{""gypse"":2.2,""cacl2"":1,""mgcl2"":1.7,""nacl"":1.8,""kcl"":2.1}"
"Angles","NA-BLONDE","modest","0.243","13.796","0.000","0.243","5","2.08","59.4","{""gypse"":2.2,""cacl2"":1,""mgcl2"":1.7,""nacl"":1.4,""kcl"":2.6}"
"Angles","NA-IPA","minimum","5.573","18.775","5.483","0.090","5","2.05","31.5","{""gypse"":1.4,""cacl2"":3.9,""epsom"":4.2,""nacl"":1.3,""kcl"":2.8}"
"Angles","NA-IPA","target","1.803","19.381","1.735","0.068","5","2.28","37.5","{""gypse"":4.4,""cacl2"":0.9,""mgcl2"":3,""nacl"":2,""kcl"":2.8}"
"Angles","NA-IPA","modest","2.442","19.106","2.356","0.086","5","1.96","35.1","{""gypse"":4.4,""cacl2"":1,""mgcl2"":3.4,""nacl"":1.7,""kcl"":2.8}"
"Angles","NA-WEISS","minimum","4.314","11.844","4.237","0.077","4","2.66","67.2","{""gypse"":2,""mgcl2"":2.7,""nacl"":1.1,""kcl"":2.8}"
"Angles","NA-WEISS","target","0.783","12.782","0.494","0.289","4","2.04","73.2","{""cacl2"":1.2,""epsom"":2.9,""nacl"":1.8,""kcl"":2.7}"
"Angles","NA-WEISS","modest","1.311","12.361","1.115","0.196","4","2.11","72.3","{""cacl2"":1.3,""epsom"":2.9,""nacl"":1.6,""kcl"":2.8}"
"Angles","NA-STOUT","minimum","4.019","21.586","3.632","0.387","4","8.03","100.8","{""cacl2"":5.1,""epsom"":2.9,""kcl"":2.8,""nahco3"":2.2}"
"Angles","NA-STOUT","target","0.410","21.934","0.000","0.410","5","4.20","100.7","{""cacl2"":4.5,""epsom"":2.9,""nacl"":1.5,""kcl"":1.6,""nahco3"":2}"
"Angles","NA-STOUT","modest","1.383","21.736","1.282","0.100","5","6.14","102.2","{""cacl2"":4.7,""epsom"":2.9,""mgcl2"":0.7,""kcl"":2.8,""nahco3"":2.2}"
"Angles","NA-LAGER","minimum","3.389","9.990","2.944","0.445","4","1.93","71.4","{""cacl2"":1.3,""epsom"":3.2,""nacl"":0.7,""kcl"":2.8}"
"Angles","NA-LAGER","target","0.303","10.599","0.000","0.303","5","2.38","75.8","{""gypse"":1.4,""epsom"":1.2,""mgcl2"":0.7,""nacl"":1.4,""kcl"":2.7}"
"Angles","NA-LAGER","modest","0.303","10.599","0.000","0.303","5","2.09","75.8","{""gypse"":1.4,""epsom"":1.2,""mgcl2"":0.7,""nacl"":1.4,""kcl"":2.7}"
"Angles","—","minimum","3.278","16.448","3.045","0.232","4","2.05","43.2","{""gypse"":2.4,""cacl2"":2.3,""epsom"":2.7,""kcl"":2.8}"
"Angles","—","target","0.345","17.922","0.000","0.345","5","1.96","47.1","{""gypse"":2.4,""cacl2"":1.9,""epsom"":2.7,""nacl"":1.8,""kcl"":0.9}"
"Angles","—","modest","1.079","17.437","0.000","1.079","4","1.99","49.5","{""gypse"":4.3,""mgcl2"":2.3,""nacl"":1.4,""kcl"":1.7}"
"Fribourg (indicatif)","01A","minimum","16.800","19.455","16.798","0.002","1","0.12","136","{""kcl"":1.1}"
"Fribourg (indicatif)","01A","target","16.371","19.085","16.304","0.066","1","0.09","136","{""kcl"":1.1}"
"Fribourg (indicatif)","01A","modest","16.371","19.085","16.304","0.066","1","0.23","136","{""kcl"":1.1}"
"Fribourg (indicatif)","05B","minimum","22.613","23.934","20.718","1.895","1","0.09","136","{""kcl"":2}"
"Fribourg (indicatif)","05B","target","22.243","23.585","20.229","2.014","1","0.08","136","{""kcl"":2}"
"Fribourg (indicatif)","05B","modest","22.243","23.585","20.229","2.014","1","0.08","136","{""kcl"":2}"
"Fribourg (indicatif)","05D","minimum","21.015","22.269","18.836","2.179","2","0.17","131","{""gypse"":0.6,""kcl"":0.8}"
"Fribourg (indicatif)","05D","target","20.575","21.853","18.298","2.277","2","0.16","131","{""gypse"":0.6,""kcl"":0.8}"
"Fribourg (indicatif)","05D","modest","20.575","21.853","18.298","2.277","2","0.16","131","{""gypse"":0.6,""kcl"":0.8}"
"Fribourg (indicatif)","04A","minimum","11.460","15.504","11.313","0.147","1","0.08","136","{""kcl"":1.6}"
"Fribourg (indicatif)","04A","target","10.712","14.960","10.402","0.310","1","0.08","136","{""kcl"":1.6}"
"Fribourg (indicatif)","04A","modest","10.712","14.960","10.402","0.310","1","0.07","136","{""kcl"":1.6}"
"Fribourg (indicatif)","06C","minimum","7.676","19.455","7.552","0.124","3","1.76","130.3","{""epsom"":1.1,""mgcl2"":0.7,""kcl"":2.8}"
"Fribourg (indicatif)","06C","target","4.316","19.207","4.307","0.008","3","2.07","132.8","{""epsom"":1.1,""nacl"":0.9,""kcl"":2.3}"
"Fribourg (indicatif)","06C","modest","4.656","19.240","4.653","0.003","3","1.81","132.8","{""epsom"":1.1,""nacl"":0.9,""kcl"":2.3}"
"Fribourg (indicatif)","08B","minimum","7.761","19.455","7.552","0.209","3","1.76","131","{""epsom"":1,""mgcl2"":0.6,""kcl"":2.8}"
"Fribourg (indicatif)","08B","target","4.656","19.240","4.653","0.003","3","1.95","132.8","{""epsom"":1.1,""nacl"":0.9,""kcl"":2.3}"
"Fribourg (indicatif)","08B","modest","4.656","19.240","4.653","0.003","3","1.80","132.8","{""epsom"":1.1,""nacl"":0.9,""kcl"":2.3}"
"Fribourg (indicatif)","10A","minimum","11.579","19.593","11.577","0.003","2","0.31","133.4","{""epsom"":0.9,""kcl"":2.6}"
"Fribourg (indicatif)","10A","target","10.992","19.379","10.418","0.574","2","0.30","133.1","{""epsom"":1,""kcl"":2.6}"
"Fribourg (indicatif)","10A","modest","10.992","19.379","10.418","0.574","2","0.30","133.1","{""epsom"":1,""kcl"":2.6}"
"Fribourg (indicatif)","11C","minimum","8.101","19.902","7.632","0.469","3","2.09","59.2","{""gypse"":8.6,""epsom"":1.8,""kcl"":2.8}"
"Fribourg (indicatif)","11C","target","6.404","20.520","5.765","0.639","3","2.10","59.2","{""gypse"":8.6,""epsom"":1.8,""nacl"":2.4}"
"Fribourg (indicatif)","11C","modest","5.795","19.818","5.765","0.030","4","1.74","59.2","{""gypse"":8.6,""epsom"":1.8,""nacl"":0.9,""kcl"":1.9}"
"Fribourg (indicatif)","13C","minimum","8.248","21.028","8.042","0.206","3","2.04","112.5","{""gypse"":1.8,""mgcl2"":2.4,""kcl"":2.8}"
"Fribourg (indicatif)","13C","target","1.847","21.469","1.799","0.048","4","2.05","124.4","{""gypse"":0.9,""epsom"":1.4,""nacl"":1.7,""kcl"":2.6}"
"Fribourg (indicatif)","13C","modest","3.406","20.829","3.208","0.198","4","2.12","124.2","{""gypse"":1,""epsom"":1.2,""nacl"":1.5,""kcl"":2.8}"
"Fribourg (indicatif)","15B","minimum","7.765","18.798","7.567","0.198","3","1.80","129.8","{""epsom"":2.1,""nacl"":1.3,""kcl"":2.8}"
"Fribourg (indicatif)","15B","target","3.096","19.938","3.087","0.009","3","1.90","129.8","{""epsom"":2.1,""nacl"":2,""kcl"":2}"
"Fribourg (indicatif)","15B","modest","4.118","18.709","4.044","0.074","3","1.89","129.8","{""epsom"":2.1,""nacl"":1.3,""kcl"":2.8}"
"Fribourg (indicatif)","16A","minimum","8.197","20.452","8.114","0.084","4","1.89","115.4","{""gypse"":1.5,""mgcl2"":2.3,""nacl"":1.1,""kcl"":2.8}"
"Fribourg (indicatif)","16A","target","1.526","22.069","1.467","0.060","4","2.26","126.1","{""gypse"":0.8,""epsom"":1.1,""nacl"":2.5,""kcl"":2.8}"
"Fribourg (indicatif)","16A","modest","4.697","20.370","4.521","0.176","4","2.03","118.6","{""cacl2"":1.1,""epsom"":2.3,""nacl"":1.6,""kcl"":2.8}"
"Fribourg (indicatif)","20C","minimum","7.546","21.174","7.426","0.120","5","4.38","118","{""gypse"":2.1,""mgcl2"":1.5,""nacl"":1,""kcl"":2.8,""chaux"":0.1}"
"Fribourg (indicatif)","20C","target","0.960","22.198","0.873","0.087","4","2.35","121.1","{""gypse"":1.4,""epsom"":1.1,""nacl"":2.8,""kcl"":1.7}"
"Fribourg (indicatif)","20C","modest","4.502","20.732","3.834","0.669","5","7.99","119.4","{""gypse"":2.1,""mgcl2"":1.1,""nacl"":1.3,""kcl"":2.8,""chaux"":0.1}"
"Fribourg (indicatif)","18B","minimum","11.839","22.828","11.800","0.039","3","1.82","89.1","{""gypse"":5,""epsom"":1.8,""kcl"":2.8}"
"Fribourg (indicatif)","18B","target","10.949","22.910","10.436","0.513","3","1.78","89.1","{""gypse"":5,""epsom"":1.8,""nacl"":2.1}"
"Fribourg (indicatif)","18B","modest","11.045","22.644","10.436","0.609","3","1.75","89.1","{""gypse"":5,""epsom"":1.8,""kcl"":2.8}"
"Fribourg (indicatif)","21A","minimum","19.096","28.662","18.932","0.164","3","1.65","50.9","{""gypse"":9.6,""epsom"":1.8,""kcl"":2}"
"Fribourg (indicatif)","21A","target","18.326","28.727","18.113","0.213","3","1.46","50.9","{""gypse"":9.6,""epsom"":1.8,""nacl"":1.6}"
"Fribourg (indicatif)","21A","modest","18.449","28.516","18.113","0.336","3","1.54","50.9","{""gypse"":9.6,""epsom"":1.8,""nacl"":1.5}"
"Fribourg (indicatif)","21B","minimum","9.890","19.174","9.725","0.165","5","3.97","102.9","{""gypse"":5.5,""epsom"":1.8,""nacl"":0.5,""kcl"":2.8,""nahco3"":0.6}"
"Fribourg (indicatif)","21B","target","6.255","17.972","6.180","0.075","5","3.55","102.9","{""gypse"":5.5,""epsom"":1.8,""nacl"":0.6,""kcl"":2.8,""nahco3"":0.6}"
"Fribourg (indicatif)","21B","modest","6.255","17.972","6.180","0.075","5","3.65","102.9","{""gypse"":5.5,""epsom"":1.8,""nacl"":0.6,""kcl"":2.8,""nahco3"":0.6}"
"Fribourg (indicatif)","21C","minimum","13.396","25.645","13.271","0.125","5","1.76","84.9","{""gypse"":2.7,""cacl2"":2.4,""mgcl2"":1.5,""nacl"":1.8,""kcl"":2.8}"
"Fribourg (indicatif)","21C","target","7.326","25.718","7.205","0.121","5","1.78","92.8","{""gypse"":2.8,""cacl2"":1.5,""mgcl2"":1.5,""nacl"":2.6,""kcl"":2.8}"
"Fribourg (indicatif)","21C","modest","8.347","25.482","8.196","0.151","5","1.96","91.8","{""gypse"":2.8,""cacl2"":1.6,""mgcl2"":1.5,""nacl"":2.5,""kcl"":2.8}"
"Fribourg (indicatif)","23A","minimum","11.029","18.060","10.524","0.505","2","0.20","131.8","{""gypse"":0.5,""kcl"":2.6}"
"Fribourg (indicatif)","23A","target","10.723","17.874","9.527","1.196","2","0.19","131.8","{""gypse"":0.5,""kcl"":2.6}"
"Fribourg (indicatif)","23A","modest","10.723","17.874","9.527","1.196","2","0.18","131.8","{""gypse"":0.5,""kcl"":2.6}"
"Fribourg (indicatif)","27","minimum","8.025","16.046","7.544","0.482","3","0.19","131","{""gypse"":0.6,""nacl"":4,""kcl"":2.2}"
"Fribourg (indicatif)","27","target","13.012","38.724","12.705","0.307","2","0.17","131","{""gypse"":0.6,""nacl"":6.8}"
"Fribourg (indicatif)","27","modest","7.647","15.860","7.098","0.549","3","0.19","131","{""gypse"":0.6,""nacl"":4,""kcl"":2.2}"
"Fribourg (indicatif)","24A","minimum","10.888","21.674","10.798","0.090","3","0.98","131","{""epsom"":1.7,""nacl"":0.5,""kcl"":2.8}"
"Fribourg (indicatif)","24A","target","8.648","21.481","8.636","0.012","3","1.19","131","{""epsom"":1.7,""nacl"":0.9,""kcl"":2.4}"
"Fribourg (indicatif)","24A","modest","8.648","21.481","8.636","0.012","3","1.04","131","{""epsom"":1.7,""nacl"":0.9,""kcl"":2.4}"
"Fribourg (indicatif)","24C","minimum","10.527","21.514","10.430","0.097","4","1.59","116.6","{""gypse"":1.7,""epsom"":1.8,""nacl"":0.5,""kcl"":2.8}"
"Fribourg (indicatif)","24C","target","8.154","21.601","8.095","0.060","4","1.83","116.6","{""gypse"":1.7,""epsom"":1.8,""nacl"":1.3,""kcl"":1.9}"
"Fribourg (indicatif)","24C","modest","8.157","21.320","8.095","0.062","4","1.68","116.6","{""gypse"":1.7,""epsom"":1.8,""nacl"":0.9,""kcl"":2.4}"
"Fribourg (indicatif)","25B","minimum","19.713","33.700","19.350","0.363","3","1.48","114.9","{""gypse"":1.9,""epsom"":1.8,""kcl"":2.5}"
"Fribourg (indicatif)","25B","target","19.247","33.576","18.549","0.698","3","1.76","114.9","{""gypse"":1.9,""epsom"":1.8,""kcl"":2.5}"
"Fribourg (indicatif)","25B","modest","19.247","33.576","18.549","0.698","3","1.58","114.9","{""gypse"":1.9,""epsom"":1.8,""kcl"":2.5}"
"Fribourg (indicatif)","26C","minimum","17.626","20.637","15.813","1.813","2","0.28","120.2","{""gypse"":1.9,""kcl"":2.3}"
"Fribourg (indicatif)","26C","target","17.367","20.475","15.167","2.200","2","0.28","120.2","{""gypse"":1.9,""nacl"":1.7}"
"Fribourg (indicatif)","26C","modest","17.367","20.475","15.167","2.200","2","0.27","120.2","{""gypse"":1.9,""nacl"":1.7}"
"Fribourg (indicatif)","26D","minimum","8.320","19.547","7.768","0.552","3","2.14","116.6","{""cacl2"":1,""epsom"":3.3,""kcl"":2.8}"
"Fribourg (indicatif)","26D","target","2.694","20.021","2.666","0.028","4","2.17","121.3","{""gypse"":1,""epsom"":2.2,""nacl"":1.7,""kcl"":1.7}"
"Fribourg (indicatif)","26D","modest","3.478","19.333","3.457","0.021","4","2.10","120.7","{""gypse"":1.1,""epsom"":2.1,""nacl"":0.9,""kcl"":2.8}"
"Fribourg (indicatif)","NA-BLONDE","minimum","10.625","20.027","10.194","0.431","3","0.48","128.5","{""gypse"":0.9,""nacl"":1.8,""kcl"":2.8}"
"Fribourg (indicatif)","NA-BLONDE","target","7.849","20.286","7.250","0.599","3","0.32","128.5","{""gypse"":0.9,""nacl"":1.9,""kcl"":2.8}"
"Fribourg (indicatif)","NA-BLONDE","modest","8.383","19.986","7.812","0.572","3","0.28","128.5","{""gypse"":0.9,""nacl"":1.9,""kcl"":2.8}"
"Fribourg (indicatif)","NA-IPA","minimum","15.121","25.361","14.556","0.565","4","0.30","103.2","{""gypse"":3,""cacl2"":0.8,""nacl"":2.4,""kcl"":2.8}"
"Fribourg (indicatif)","NA-IPA","target","12.662","25.112","11.873","0.789","4","0.34","103.2","{""gypse"":3,""cacl2"":0.8,""nacl"":2.4,""kcl"":2.8}"
"Fribourg (indicatif)","NA-IPA","modest","13.209","25.023","12.472","0.737","4","0.33","103.2","{""gypse"":3,""cacl2"":0.8,""nacl"":2.4,""kcl"":2.8}"
"Fribourg (indicatif)","NA-WEISS","minimum","15.703","19.334","14.401","1.301","2","0.09","136","{""nacl"":1.5,""kcl"":2.8}"
"Fribourg (indicatif)","NA-WEISS","target","14.332","19.091","12.897","1.435","2","0.08","136","{""nacl"":1.6,""kcl"":2.8}"
"Fribourg (indicatif)","NA-WEISS","modest","14.519","18.947","13.090","1.429","2","0.09","136","{""nacl"":1.6,""kcl"":2.8}"
"Fribourg (indicatif)","NA-STOUT","minimum","7.317","14.719","7.146","0.171","4","1.91","118.8","{""cacl2"":1.4,""epsom"":1.2,""nacl"":1.9,""kcl"":2.8}"
"Fribourg (indicatif)","NA-STOUT","target","2.934","15.351","2.311","0.623","3","2.04","128.5","{""gypse"":0.9,""nacl"":3.1,""kcl"":2.8}"
"Fribourg (indicatif)","NA-STOUT","modest","5.650","14.200","5.105","0.545","4","1.86","118.5","{""cacl2"":1.4,""epsom"":1.3,""nacl"":1.9,""kcl"":2.8}"
"Fribourg (indicatif)","NA-LAGER","minimum","16.489","20.895","14.945","1.545","2","0.12","136","{""nacl"":0.7,""kcl"":2.8}"
"Fribourg (indicatif)","NA-LAGER","target","15.944","20.855","14.323","1.622","2","0.10","136","{""nacl"":0.9,""kcl"":2.6}"
"Fribourg (indicatif)","NA-LAGER","modest","15.944","20.855","14.323","1.622","2","0.10","136","{""nacl"":0.9,""kcl"":2.6}"
"Fribourg (indicatif)","—","minimum","9.689","24.432","9.563","0.126","4","2.57","115.7","{""gypse"":1.8,""epsom"":1.8,""nacl"":0.7,""kcl"":2.8}"
"Fribourg (indicatif)","—","target","6.504","24.509","6.450","0.054","4","1.82","115.7","{""gypse"":1.8,""epsom"":1.8,""nacl"":1.3,""kcl"":2.2}"
"Fribourg (indicatif)","—","modest","6.504","24.261","6.450","0.054","4","2.13","115.7","{""gypse"":1.8,""epsom"":1.8,""nacl"":0.9,""kcl"":2.7}"
"Pilsen","01A","minimum","3.343","3.867","3.304","0.039","2","1.87","-31.9","{""gypse"":2,""cacl2"":2.2}"
"Pilsen","01A","target","4.682","5.070","4.654","0.028","2","1.84","-31.9","{""gypse"":2,""cacl2"":2.2}"
"Pilsen","01A","modest","4.682","5.070","4.654","0.028","2","2.06","-31.9","{""gypse"":2,""cacl2"":2.2}"
"Pilsen","05B","minimum","1.132","1.901","1.115","0.017","2","1.70","-48.9","{""gypse"":3.1,""cacl2"":3}"
"Pilsen","05B","target","3.701","4.004","3.346","0.355","2","1.80","-48.9","{""gypse"":3.1,""cacl2"":3}"
"Pilsen","05B","modest","3.701","4.004","3.346","0.355","2","1.94","-48.9","{""gypse"":3.1,""cacl2"":3}"
"Pilsen","05D","minimum","5.158","6.376","5.151","0.006","2","1.71","-44.2","{""gypse"":3.6,""cacl2"":2.1}"
"Pilsen","05D","target","5.854","6.951","5.848","0.006","2","2.05","-44.2","{""gypse"":3.6,""cacl2"":2.1}"
"Pilsen","05D","modest","5.854","6.951","5.848","0.006","2","1.92","-44.2","{""gypse"":3.6,""cacl2"":2.1}"
"Pilsen","04A","minimum","6.405","7.650","6.423","-0.018","2","1.96","-35.4","{""gypse"":1.6,""cacl2"":2.9}"
"Pilsen","04A","target","7.310","8.422","7.326","-0.016","2","2.06","-35.4","{""gypse"":1.6,""cacl2"":2.9}"
"Pilsen","04A","modest","7.310","8.422","7.326","-0.016","2","1.90","-35.4","{""gypse"":1.6,""cacl2"":2.9}"
"Pilsen","06C","minimum","11.660","11.806","11.647","0.013","3","2.79","59.2","{""gypse"":2.2,""cacl2"":4.6,""nahco3"":3.9}"
"Pilsen","06C","target","7.328","7.755","7.307","0.021","3","2.58","59.2","{""gypse"":2.2,""cacl2"":4.6,""nahco3"":3.9}"
"Pilsen","06C","modest","6.997","7.443","6.975","0.022","3","2.78","59.2","{""gypse"":2.2,""cacl2"":4.6,""nahco3"":3.9}"
"Pilsen","08B","minimum","11.512","11.785","11.494","0.018","4","4.05","85.1","{""gypse"":2.1,""cacl2"":4.6,""nahco3"":4.1,""chaux"":0.4}"
"Pilsen","08B","target","6.286","6.773","6.253","0.033","4","3.95","85.1","{""gypse"":2.1,""cacl2"":4.6,""nahco3"":4.1,""chaux"":0.4}"
"Pilsen","08B","modest","6.286","6.773","6.253","0.033","4","4.05","85.1","{""gypse"":2.1,""cacl2"":4.6,""nahco3"":4.1,""chaux"":0.4}"
"Pilsen","10A","minimum","1.940","2.542","1.878","0.063","2","2.01","-46.5","{""gypse"":2,""cacl2"":3.7}"
"Pilsen","10A","target","5.952","6.175","5.495","0.457","2","1.98","-46.5","{""gypse"":2,""cacl2"":3.7}"
"Pilsen","10A","modest","5.952","6.175","5.495","0.457","2","1.94","-46.5","{""gypse"":2,""cacl2"":3.7}"
"Pilsen","11C","minimum","3.901","4.335","3.901","0.000","2","1.85","-128.7","{""gypse"":11.3,""cacl2"":4.2}"
"Pilsen","11C","target","8.957","9.154","8.389","0.567","2","1.73","-128.7","{""gypse"":11.3,""cacl2"":4.2}"
"Pilsen","11C","modest","6.472","6.742","6.360","0.112","2","2.13","-128.7","{""gypse"":11.3,""cacl2"":4.2}"
"Pilsen","13C","minimum","13.727","13.552","13.720","0.007","3","3.71","68.9","{""gypse"":3.2,""cacl2"":5.8,""nahco3"":4.9}"
"Pilsen","13C","target","6.299","6.277","6.284","0.015","3","3.81","68.9","{""gypse"":3.2,""cacl2"":5.8,""nahco3"":4.9}"
"Pilsen","13C","modest","8.432","8.325","8.420","0.011","3","4.06","68.9","{""gypse"":3.2,""cacl2"":5.8,""nahco3"":4.9}"
"Pilsen","15B","minimum","14.328","14.336","14.310","0.017","3","2.89","115.8","{""gypse"":2.8,""cacl2"":5.6,""nahco3"":6.3}"
"Pilsen","15B","target","7.802","7.817","7.717","0.085","3","2.93","115.8","{""gypse"":2.8,""cacl2"":5.6,""nahco3"":6.3}"
"Pilsen","15B","modest","11.667","11.677","11.633","0.034","3","2.90","115.8","{""gypse"":2.8,""cacl2"":5.6,""nahco3"":6.3}"
"Pilsen","16A","minimum","14.048","14.048","14.041","0.007","3","3.60","100.3","{""gypse"":2.8,""cacl2"":6.9,""nahco3"":6.2}"
"Pilsen","16A","target","6.293","6.293","5.915","0.378","3","3.87","100.3","{""gypse"":2.8,""cacl2"":6.9,""nahco3"":6.2}"
"Pilsen","16A","modest","11.395","11.395","11.272","0.124","3","4.10","100.3","{""gypse"":2.8,""cacl2"":6.9,""nahco3"":6.2}"
"Pilsen","20C","minimum","15.711","15.802","15.674","0.036","3","3.88","118.1","{""gypse"":3.5,""cacl2"":6.3,""nahco3"":6.8}"
"Pilsen","20C","target","6.861","7.067","6.817","0.045","3","3.72","118.1","{""gypse"":3.5,""cacl2"":6.3,""nahco3"":6.8}"
"Pilsen","20C","modest","13.038","13.148","13.001","0.037","3","3.78","118.1","{""gypse"":3.5,""cacl2"":6.3,""nahco3"":6.8}"
"Pilsen","18B","minimum","1.105","1.309","0.816","0.289","2","1.90","-94.9","{""gypse"":7.7,""cacl2"":3.8}"
"Pilsen","18B","target","5.089","7.104","5.085","0.004","3","1.83","-86","{""gypse"":7.8,""cacl2"":2.8,""nacl"":0.9}"
"Pilsen","18B","modest","4.157","5.778","4.161","-0.004","3","1.83","-87.9","{""gypse"":7.8,""cacl2"":3,""nacl"":0.7}"
"Pilsen","21A","minimum","0.985","5.660","0.816","0.168","3","1.97","-114.7","{""gypse"":12.9,""cacl2"":1.4,""kcl"":1.7}"
"Pilsen","21A","target","2.691","8.988","2.676","0.015","3","1.81","-112.8","{""gypse"":12.9,""cacl2"":1.2,""nacl"":1.5}"
"Pilsen","21A","modest","2.374","7.982","2.055","0.318","3","1.84","-114.7","{""gypse"":12.9,""cacl2"":1.4,""nacl"":1.3}"
"Pilsen","21B","minimum","5.751","15.734","5.333","0.418","5","6.48","100.4","{""gypse"":6.7,""epsom"":2,""mgcl2"":2.3,""kcl"":2.8,""chaux"":3.4}"
"Pilsen","21B","target","0.200","12.432","0.000","0.200","5","6.55","99.3","{""gypse"":6.5,""epsom"":2.4,""nacl"":1.4,""kcl"":2.8,""chaux"":3.2}"
"Pilsen","21B","modest","0.200","12.432","0.000","0.200","5","6.71","99.3","{""gypse"":6.5,""epsom"":2.4,""nacl"":1.4,""kcl"":2.8,""chaux"":3.2}"
"Pilsen","21C","minimum","1.029","7.331","0.816","0.212","3","1.81","-103.9","{""gypse"":4.1,""cacl2"":7.8,""kcl"":2.1}"
"Pilsen","21C","target","2.413","10.124","2.108","0.305","3","1.79","-103.7","{""gypse"":4.2,""cacl2"":7.7,""nacl"":1.7}"
"Pilsen","21C","modest","1.552","9.242","1.487","0.064","4","2.13","-106.1","{""gypse"":3.4,""cacl2"":8.3,""epsom"":1.1,""nacl"":1.2}"
"Pilsen","23A","minimum","3.608","4.468","3.613","-0.004","2","1.85","-47.5","{""gypse"":2,""cacl2"":3.8}"
"Pilsen","23A","target","6.508","7.021","6.450","0.057","2","2.16","-47.5","{""gypse"":2,""cacl2"":3.8}"
"Pilsen","23A","modest","6.508","7.021","6.450","0.057","2","1.94","-47.5","{""gypse"":2,""cacl2"":3.8}"
"Pilsen","27","minimum","3.796","4.564","3.777","0.019","3","2.09","-43","{""gypse"":2.4,""cacl2"":3,""nacl"":4.3}"
"Pilsen","27","target","13.322","35.185","13.322","0.001","2","1.99","-16.3","{""gypse"":2.7,""nacl"":7.4}"
"Pilsen","27","modest","3.949","4.692","3.931","0.018","3","1.97","-43","{""gypse"":2.4,""cacl2"":3,""nacl"":4.3}"
"Pilsen","24A","minimum","1.511","1.510","0.816","0.695","2","2.29","-58.6","{""gypse"":2.4,""cacl2"":4.6}"
"Pilsen","24A","target","3.903","5.826","3.872","0.031","3","2.09","-50.7","{""gypse"":2.5,""cacl2"":3.7,""nacl"":0.8}"
"Pilsen","24A","modest","3.903","5.826","3.872","0.031","3","2.15","-50.7","{""gypse"":2.5,""cacl2"":3.7,""nacl"":0.8}"
"Pilsen","24C","minimum","1.371","1.370","0.816","0.555","2","2.18","-74.4","{""gypse"":4.3,""cacl2"":4.6}"
"Pilsen","24C","target","4.865","7.115","4.857","0.008","3","1.98","-65.5","{""gypse"":4.4,""cacl2"":3.6,""nacl"":0.9}"
"Pilsen","24C","modest","3.955","5.792","3.949","0.006","3","2.15","-67.4","{""gypse"":4.4,""cacl2"":3.8,""nacl"":0.7}"
"Pilsen","25B","minimum","0.926","3.480","0.816","0.109","3","2.07","-66.3","{""gypse"":5.9,""cacl2"":2.4,""kcl"":1.1}"
"Pilsen","25B","target","2.860","6.617","2.812","0.048","3","2.02","-63.4","{""gypse"":5.9,""cacl2"":2.1,""nacl"":1.1}"
"Pilsen","25B","modest","2.860","6.617","2.812","0.048","3","2.14","-63.4","{""gypse"":5.9,""cacl2"":2.1,""nacl"":1.1}"
"Pilsen","26C","minimum","1.745","2.318","1.616","0.129","2","1.87","-63.6","{""gypse"":4.4,""cacl2"":3.4}"
"Pilsen","26C","target","5.690","5.891","5.091","0.599","2","2.31","-63.6","{""gypse"":4.4,""cacl2"":3.4}"
"Pilsen","26C","modest","5.690","5.891","5.091","0.599","2","1.79","-63.6","{""gypse"":4.4,""cacl2"":3.4}"
"Pilsen","26D","minimum","11.831","11.723","11.825","0.006","3","3.84","47.1","{""gypse"":3.9,""cacl2"":5,""nahco3"":4.1}"
"Pilsen","26D","target","5.266","5.447","5.253","0.013","3","4.07","47.1","{""gypse"":3.9,""cacl2"":5,""nahco3"":4.1}"
"Pilsen","26D","modest","6.854","6.886","6.844","0.010","3","4.55","47.1","{""gypse"":3.9,""cacl2"":5,""nahco3"":4.1}"
"Pilsen","NA-BLONDE","minimum","0.670","7.200","0.577","0.093","3","2.11","-67.5","{""gypse"":2.3,""cacl2"":5.6,""nacl"":0.6}"
"Pilsen","NA-BLONDE","target","3.564","8.573","3.512","0.052","3","1.87","-61.5","{""gypse"":2.4,""cacl2"":4.9,""nacl"":1.2}"
"Pilsen","NA-BLONDE","modest","2.733","7.937","2.634","0.099","3","1.88","-63.4","{""gypse"":2.4,""cacl2"":5.1,""nacl"":1}"
"Pilsen","NA-IPA","minimum","0.647","12.301","0.577","0.070","4","2.02","-82.9","{""gypse"":4.5,""cacl2"":5.3,""nacl"":0.6,""kcl"":2.1}"
"Pilsen","NA-IPA","target","0.583","13.152","0.546","0.037","4","1.80","-86","{""gypse"":3.6,""cacl2"":6,""epsom"":1.3,""nacl"":1.7}"
"Pilsen","NA-IPA","modest","0.178","12.746","0.000","0.178","4","1.95","-88.3","{""gypse"":3.2,""cacl2"":6.4,""epsom"":1.9,""nacl"":1.4}"
"Pilsen","NA-WEISS","minimum","0.845","9.812","0.577","0.268","4","1.91","-51.1","{""gypse"":2.2,""cacl2"":4,""nacl"":0.6,""kcl"":1.2}"
"Pilsen","NA-WEISS","target","1.910","10.860","1.788","0.122","3","2.14","-50.2","{""gypse"":2.2,""cacl2"":3.9,""nacl"":1.6}"
"Pilsen","NA-WEISS","modest","1.879","10.365","1.167","0.712","3","2.20","-51.2","{""gypse"":2.1,""cacl2"":4.1,""nacl"":1.4}"
"Pilsen","NA-STOUT","minimum","11.529","11.532","11.417","0.112","3","2.94","101.2","{""gypse"":2.1,""cacl2"":7.7,""nahco3"":6.3}"
"Pilsen","NA-STOUT","target","6.292","6.297","5.800","0.492","3","5.17","101.2","{""gypse"":2.1,""cacl2"":7.7,""nahco3"":6.3}"
"Pilsen","NA-STOUT","modest","11.744","11.747","11.488","0.256","3","2.50","101.2","{""gypse"":2.1,""cacl2"":7.7,""nahco3"":6.3}"
"Pilsen","NA-LAGER","minimum","0.859","7.471","0.577","0.282","3","3.03","-50.8","{""gypse"":2.4,""cacl2"":3.8,""nacl"":0.7}"
"Pilsen","NA-LAGER","target","2.516","8.184","2.504","0.012","3","2.20","-47.9","{""gypse"":2.4,""cacl2"":3.5,""nacl"":1}"
"Pilsen","NA-LAGER","modest","2.516","8.184","2.504","0.012","3","2.27","-47.9","{""gypse"":2.4,""cacl2"":3.5,""nacl"":1}"
"Pilsen","—","minimum","0.953","0.953","0.816","0.137","2","2.39","-77.2","{""gypse"":4.4,""cacl2"":4.8}"
"Pilsen","—","target","5.374","7.047","5.365","0.009","3","2.45","-70.2","{""gypse"":4.5,""cacl2"":4,""nacl"":0.8}"
"Pilsen","—","modest","4.446","5.707","4.424","0.022","3","1.97","-72.2","{""gypse"":4.5,""cacl2"":4.2,""nacl"":0.6}"
"Dublin","01A","minimum","29.145","31.348","29.143","0.002","1","0.16","44.5","{""kcl"":1.3}"
"Dublin","01A","target","28.923","31.141","28.914","0.009","1","0.13","44.5","{""kcl"":1.3}"
"Dublin","01A","modest","28.923","31.141","28.914","0.009","1","0.13","44.5","{""kcl"":1.3}"
"Dublin","05B","minimum","24.300","25.499","23.987","0.313","1","0.29","44.5","{""kcl"":2.1}"
"Dublin","05B","target","24.054","25.264","23.678","0.375","1","0.30","44.5","{""kcl"":2.1}"
"Dublin","05B","modest","24.054","25.264","23.678","0.375","1","0.30","44.5","{""kcl"":2.1}"
"Dublin","05D","minimum","22.026","25.334","22.026","-0.000","2","0.28","41.3","{""epsom"":1.1,""kcl"":1}"
"Dublin","05D","target","21.648","25.103","21.645","0.003","2","0.27","41","{""epsom"":1.2,""kcl"":1}"
"Dublin","05D","modest","21.648","25.103","21.645","0.003","2","0.26","41","{""epsom"":1.2,""kcl"":1}"
"Dublin","04A","minimum","27.394","29.616","27.392","0.002","1","0.14","44.5","{""kcl"":1.8}"
"Dublin","04A","target","27.175","29.414","27.148","0.028","1","0.13","44.5","{""kcl"":1.8}"
"Dublin","04A","modest","27.175","29.414","27.148","0.028","1","0.13","44.5","{""kcl"":1.8}"
"Dublin","06C","minimum","19.692","25.291","19.680","0.012","3","0.29","58.5","{""mgcl2"":1.1,""kcl"":2.8,""nahco3"":0.6}"
"Dublin","06C","target","19.134","24.968","18.881","0.253","2","0.29","60","{""mgcl2"":4.9,""nahco3"":1.1}"
"Dublin","06C","modest","19.291","24.893","18.881","0.409","2","0.28","60","{""mgcl2"":4.9,""nahco3"":1.1}"
"Dublin","08B","minimum","20.428","25.779","20.416","0.011","3","0.33","85.3","{""mgcl2"":1.1,""kcl"":2.8,""nahco3"":1.5}"
"Dublin","08B","target","18.945","24.898","18.944","0.001","3","0.29","83.5","{""mgcl2"":1.6,""kcl"":2.5,""nahco3"":1.5}"
"Dublin","08B","modest","18.945","24.898","18.944","0.001","3","0.45","83.5","{""mgcl2"":1.6,""kcl"":2.5,""nahco3"":1.5}"
"Dublin","10A","minimum","25.287","28.945","25.285","0.002","1","0.13","44.5","{""kcl"":2.8}"
"Dublin","10A","target","25.188","28.858","25.020","0.168","1","0.14","44.5","{""kcl"":2.8}"
"Dublin","10A","modest","25.188","28.858","25.020","0.168","1","0.15","44.5","{""kcl"":2.8}"
"Dublin","11C","minimum","10.191","25.230","9.269","0.923","3","1.56","-11.1","{""gypse"":5,""epsom"":4.8,""kcl"":2.8}"
"Dublin","11C","target","7.721","25.785","7.609","0.112","4","1.68","-11.1","{""gypse"":5,""epsom"":4.8,""nacl"":1.4,""kcl"":1.5}"
"Dublin","11C","modest","7.723","25.361","7.609","0.113","4","1.84","-11.1","{""gypse"":5,""epsom"":4.8,""nacl"":0.6,""kcl"":2.5}"
"Dublin","13C","minimum","14.564","23.679","13.951","0.613","3","0.61","67.4","{""mgcl2"":2.8,""kcl"":2.8,""nahco3"":1.1}"
"Dublin","13C","target","11.691","23.337","11.432","0.260","4","0.63","68.7","{""epsom"":0.6,""mgcl2"":2.8,""kcl"":2.8,""nahco3"":1.2}"
"Dublin","13C","modest","11.661","23.051","11.640","0.022","4","0.63","68.7","{""epsom"":0.6,""mgcl2"":2.8,""kcl"":2.8,""nahco3"":1.2}"
"Dublin","15B","minimum","17.913","24.611","17.896","0.017","3","0.55","119.1","{""mgcl2"":2.5,""kcl"":2.8,""nahco3"":2.8}"
"Dublin","15B","target","15.547","23.662","15.535","0.012","3","0.56","118.7","{""mgcl2"":2.6,""kcl"":2.8,""nahco3"":2.8}"
"Dublin","15B","modest","16.374","23.966","16.363","0.011","3","0.71","118.7","{""mgcl2"":2.6,""kcl"":2.8,""nahco3"":2.8}"
"Dublin","16A","minimum","14.895","23.004","14.823","0.072","3","0.57","100.5","{""mgcl2"":4.4,""kcl"":2.8,""nahco3"":2.4}"
"Dublin","16A","target","11.997","20.726","11.549","0.448","3","0.55","100.1","{""mgcl2"":4.5,""kcl"":2.8,""nahco3"":2.4}"
"Dublin","16A","modest","12.733","21.890","12.643","0.090","3","0.54","100.1","{""mgcl2"":4.5,""kcl"":2.8,""nahco3"":2.4}"
"Dublin","20C","minimum","14.113","24.449","14.076","0.037","4","3.45","118.6","{""epsom"":1,""mgcl2"":3.5,""kcl"":2.8,""nahco3"":3}"
"Dublin","20C","target","9.742","23.288","9.439","0.303","4","3.60","118.2","{""epsom"":1,""mgcl2"":3.6,""kcl"":2.8,""nahco3"":3}"
"Dublin","20C","modest","11.456","23.670","11.431","0.025","4","3.52","118.2","{""epsom"":1,""mgcl2"":3.6,""kcl"":2.8,""nahco3"":3}"
"Dublin","18B","minimum","14.034","33.069","13.861","0.173","3","1.60","18.9","{""gypse"":1.4,""epsom"":4.8,""kcl"":2.8}"
"Dublin","18B","target","13.205","33.125","12.419","0.786","3","1.79","18.9","{""gypse"":1.4,""epsom"":4.8,""kcl"":2.8}"
"Dublin","18B","modest","12.869","32.993","12.419","0.451","3","1.65","18.9","{""gypse"":1.4,""epsom"":4.8,""kcl"":2.8}"
"Dublin","21A","minimum","23.250","54.447","22.870","0.380","3","1.65","-14.4","{""gypse"":5.4,""epsom"":4.8,""kcl"":2.2}"
"Dublin","21A","target","22.610","54.481","22.047","0.564","3","1.58","-14.4","{""gypse"":5.4,""epsom"":4.8,""nacl"":1.7}"
"Dublin","21A","modest","22.566","54.401","22.047","0.520","3","1.57","-14.4","{""gypse"":5.4,""epsom"":4.8,""kcl"":2.2}"
"Dublin","21B","minimum","16.257","26.074","16.107","0.150","5","5.02","99.8","{""gypse"":2.4,""epsom"":4,""mgcl2"":0.7,""kcl"":2.8,""nahco3"":3}"
"Dublin","21B","target","12.353","24.157","12.173","0.179","6","3.42","99.5","{""gypse"":1.9,""epsom"":4.8,""nacl"":0.6,""kcl"":2.8,""nahco3"":2.2,""chaux"":0.4}"
"Dublin","21B","modest","12.353","24.157","12.173","0.179","6","3.38","99.5","{""gypse"":1.9,""epsom"":4.8,""nacl"":0.6,""kcl"":2.8,""nahco3"":2.2,""chaux"":0.4}"
"Dublin","21C","minimum","15.888","39.799","15.614","0.274","4","1.75","19.6","{""gypse"":1.3,""mgcl2"":4,""nacl"":2.3,""kcl"":2.8}"
"Dublin","21C","target","10.015","39.846","9.603","0.412","4","1.71","19.6","{""gypse"":1.3,""mgcl2"":4,""nacl"":2.5,""kcl"":2.8}"
"Dublin","21C","modest","10.884","39.736","10.628","0.256","4","1.73","19.6","{""gypse"":1.3,""mgcl2"":4,""nacl"":2.4,""kcl"":2.8}"
"Dublin","23A","minimum","23.387","27.300","23.384","0.003","1","0.16","44.5","{""kcl"":2.8}"
"Dublin","23A","target","23.244","27.178","23.098","0.146","1","0.15","44.5","{""kcl"":2.8}"
"Dublin","23A","modest","23.244","27.178","23.098","0.146","1","0.15","44.5","{""kcl"":2.8}"
"Dublin","27","minimum","14.700","22.781","14.694","0.006","2","0.14","44.5","{""nacl"":3.7,""kcl"":2.7}"
"Dublin","27","target","16.630","41.972","16.610","0.020","1","0.16","44.5","{""nacl"":6.6}"
"Dublin","27","modest","14.700","22.781","14.674","0.026","2","0.14","44.5","{""nacl"":3.7,""kcl"":2.7}"
"Dublin","24A","minimum","22.202","28.015","22.183","0.019","2","0.27","40.2","{""mgcl2"":1.2,""kcl"":2.8}"
"Dublin","24A","target","21.843","27.926","21.760","0.083","2","0.31","44.5","{""nacl"":0.8,""kcl"":2.8}"
"Dublin","24A","modest","21.843","27.926","21.760","0.083","2","0.31","44.5","{""nacl"":0.8,""kcl"":2.8}"
"Dublin","24C","minimum","16.618","29.535","16.594","0.025","3","0.29","33.6","{""epsom"":2.3,""mgcl2"":1.2,""kcl"":2.8}"
"Dublin","24C","target","15.524","29.599","15.522","0.001","3","0.31","37.5","{""epsom"":2.4,""nacl"":1,""kcl"":2.5}"
"Dublin","24C","modest","15.543","29.451","15.528","0.015","3","0.33","37.5","{""epsom"":2.4,""nacl"":0.8,""kcl"":2.8}"
"Dublin","25B","minimum","18.706","40.429","18.697","0.009","2","0.27","31.4","{""epsom"":4.5,""kcl"":2.6}"
"Dublin","25B","target","17.896","40.367","17.740","0.155","2","0.28","31.4","{""epsom"":4.5,""kcl"":2.6}"
"Dublin","25B","modest","17.896","40.367","17.740","0.155","2","0.29","31.4","{""epsom"":4.5,""kcl"":2.6}"
"Dublin","26C","minimum","18.230","27.851","18.226","0.005","2","0.38","37.5","{""epsom"":2.4,""kcl"":2.5}"
"Dublin","26C","target","17.752","27.731","17.594","0.158","2","0.31","37.5","{""epsom"":2.4,""kcl"":2.5}"
"Dublin","26C","modest","17.752","27.731","17.594","0.158","2","0.31","37.5","{""epsom"":2.4,""kcl"":2.5}"
"Dublin","26D","minimum","13.476","22.496","13.437","0.039","4","0.59","39.3","{""epsom"":1.5,""mgcl2"":1.6,""kcl"":2.8,""chaux"":0.1}"
"Dublin","26D","target","12.214","22.945","12.166","0.048","4","0.66","44.7","{""epsom"":1.6,""nacl"":1.4,""kcl"":2.3,""chaux"":0.1}"
"Dublin","26D","modest","12.259","22.384","12.174","0.085","4","0.62","44.7","{""epsom"":1.6,""nacl"":1,""kcl"":2.8,""chaux"":0.1}"
"Dublin","NA-BLONDE","minimum","18.708","24.272","18.686","0.023","3","0.14","35","{""mgcl2"":2.7,""nacl"":0.5,""kcl"":2.8}"
"Dublin","NA-BLONDE","target","18.541","24.013","18.039","0.502","2","0.34","44.5","{""nacl"":2,""kcl"":2.8}"
"Dublin","NA-BLONDE","modest","18.093","24.013","18.086","0.007","3","0.14","36.4","{""mgcl2"":2.3,""nacl"":0.8,""kcl"":2.8}"
"Dublin","NA-IPA","minimum","18.605","31.761","17.699","0.906","4","0.28","35","{""epsom"":1.8,""mgcl2"":1.2,""nacl"":2.1,""kcl"":2.8}"
"Dublin","NA-IPA","target","16.639","31.040","15.567","1.072","4","0.27","35","{""epsom"":1.8,""mgcl2"":1.2,""nacl"":2.1,""kcl"":2.8}"
"Dublin","NA-IPA","modest","17.060","31.216","16.029","1.031","4","0.28","35","{""epsom"":1.8,""mgcl2"":1.2,""nacl"":2.1,""kcl"":2.8}"
"Dublin","NA-WEISS","minimum","24.927","27.333","24.759","0.168","2","0.14","35","{""mgcl2"":2.7,""kcl"":2.8}"
"Dublin","NA-WEISS","target","24.583","27.103","24.374","0.208","2","0.13","44.5","{""nacl"":1.7,""kcl"":2.8}"
"Dublin","NA-WEISS","modest","24.740","27.103","24.393","0.347","2","0.13","35","{""mgcl2"":2.7,""kcl"":2.8}"
"Dublin","NA-STOUT","minimum","15.865","25.236","15.783","0.082","4","0.29","101.9","{""mgcl2"":4,""nacl"":0.8,""kcl"":2.8,""nahco3"":2.4}"
"Dublin","NA-STOUT","target","13.269","23.823","13.237","0.032","4","0.40","101.9","{""mgcl2"":4,""nacl"":0.9,""kcl"":2.8,""nahco3"":2.4}"
"Dublin","NA-STOUT","modest","15.062","25.269","14.970","0.092","4","0.26","101.9","{""mgcl2"":4,""nacl"":0.8,""kcl"":2.8,""nahco3"":2.4}"
"Dublin","NA-LAGER","minimum","24.109","27.232","24.084","0.025","2","0.13","39.5","{""mgcl2"":1.4,""kcl"":2.8}"
"Dublin","NA-LAGER","target","23.985","27.324","23.930","0.054","2","0.14","44.5","{""nacl"":0.8,""kcl"":2.8}"
"Dublin","NA-LAGER","modest","23.985","27.324","23.930","0.054","2","0.14","44.5","{""nacl"":0.8,""kcl"":2.8}"
"Dublin","—","minimum","14.901","30.319","14.858","0.043","3","0.30","32.2","{""epsom"":2.4,""mgcl2"":1.5,""kcl"":2.8}"
"Dublin","—","target","13.495","30.381","13.486","0.009","3","0.32","37.2","{""epsom"":2.5,""nacl"":1,""kcl"":2.8}"
"Dublin","—","modest","13.559","30.236","13.515","0.044","3","0.47","37.2","{""epsom"":2.5,""nacl"":0.9,""kcl"":2.8}"
"Burton-on-Trent","01A","minimum","341.392","341.392","341.384","0.008","0","0.06","1.3","{}"
"Burton-on-Trent","01A","target","341.279","341.279","341.271","0.008","0","0.06","1.3","{}"
"Burton-on-Trent","01A","modest","341.279","341.279","341.271","0.008","0","0.05","1.3","{}"
"Burton-on-Trent","05B","minimum","328.784","328.784","328.620","0.164","0","0.06","1.3","{}"
"Burton-on-Trent","05B","target","328.650","328.650","328.486","0.164","0","0.06","1.3","{}"
"Burton-on-Trent","05B","modest","328.650","328.650","328.486","0.164","0","0.05","1.3","{}"
"Burton-on-Trent","05D","minimum","323.629","323.629","323.629","0.000","0","0.06","1.3","{}"
"Burton-on-Trent","05D","target","323.503","323.503","323.503","0.000","0","0.05","1.3","{}"
"Burton-on-Trent","05D","modest","323.503","323.503","323.503","0.000","0","0.05","1.3","{}"
"Burton-on-Trent","04A","minimum","345.409","345.409","345.327","0.082","0","0.06","1.3","{}"
"Burton-on-Trent","04A","target","345.281","345.281","345.200","0.082","0","0.05","1.3","{}"
"Burton-on-Trent","04A","modest","345.281","345.281","345.200","0.082","0","0.05","1.3","{}"
"Burton-on-Trent","06C","minimum","337.778","338.156","337.778","0.000","2","0.12","48.9","{""kcl"":2.6,""nahco3"":1.6}"
"Burton-on-Trent","06C","target","337.524","337.903","337.524","0.000","2","0.07","48.9","{""kcl"":2.6,""nahco3"":1.6}"
"Burton-on-Trent","06C","modest","337.545","337.924","337.545","0.000","2","0.06","48.9","{""kcl"":2.6,""nahco3"":1.6}"
"Burton-on-Trent","08B","minimum","337.778","338.156","337.778","0.000","2","0.07","48.9","{""kcl"":2.6,""nahco3"":1.6}"
"Burton-on-Trent","08B","target","337.545","337.924","337.545","0.000","2","0.06","48.9","{""kcl"":2.6,""nahco3"":1.6}"
"Burton-on-Trent","08B","modest","337.545","337.924","337.545","0.000","2","0.06","48.9","{""kcl"":2.6,""nahco3"":1.6}"
"Burton-on-Trent","10A","minimum","340.720","340.720","340.309","0.412","0","0.08","1.3","{}"
"Burton-on-Trent","10A","target","340.561","340.561","340.149","0.412","0","0.07","1.3","{}"
"Burton-on-Trent","10A","modest","340.561","340.561","340.149","0.412","0","0.07","1.3","{}"
"Burton-on-Trent","11C","minimum","235.503","236.418","235.503","0.000","1","0.07","1.3","{""kcl"":2.3}"
"Burton-on-Trent","11C","target","235.344","236.260","235.339","0.005","1","0.07","1.3","{""kcl"":2.3}"
"Burton-on-Trent","11C","modest","235.344","236.260","235.344","0.000","1","0.07","1.3","{""kcl"":2.3}"
"Burton-on-Trent","13C","minimum","325.341","325.558","325.284","0.057","2","0.08","66.8","{""kcl"":2.8,""nahco3"":2.2}"
"Burton-on-Trent","13C","target","324.998","325.215","324.887","0.110","2","0.08","66.8","{""kcl"":2.8,""nahco3"":2.2}"
"Burton-on-Trent","13C","modest","325.071","325.289","324.981","0.090","2","0.08","66.8","{""kcl"":2.8,""nahco3"":2.2}"
"Burton-on-Trent","15B","minimum","330.232","330.417","330.216","0.016","2","0.07","114.4","{""kcl"":2.8,""nahco3"":3.8}"
"Burton-on-Trent","15B","target","329.887","330.073","329.869","0.018","2","0.06","114.4","{""kcl"":2.8,""nahco3"":3.8}"
"Burton-on-Trent","15B","modest","330.031","330.216","330.014","0.017","2","0.06","114.4","{""kcl"":2.8,""nahco3"":3.8}"
"Burton-on-Trent","16A","minimum","328.714","328.463","328.300","0.414","2","0.09","102.5","{""kcl"":2.8,""nahco3"":3.4}"
"Burton-on-Trent","16A","target","328.368","328.066","327.847","0.521","2","0.08","102.5","{""kcl"":2.8,""nahco3"":3.4}"
"Burton-on-Trent","16A","modest","328.522","328.254","328.072","0.450","2","0.09","102.5","{""kcl"":2.8,""nahco3"":3.4}"
"Burton-on-Trent","20C","minimum","321.781","321.781","321.612","0.168","2","0.09","117.4","{""kcl"":2.8,""nahco3"":3.9}"
"Burton-on-Trent","20C","target","321.354","321.354","321.078","0.277","2","0.08","117.4","{""kcl"":2.8,""nahco3"":3.9}"
"Burton-on-Trent","20C","modest","321.572","321.572","321.376","0.196","2","0.08","117.4","{""kcl"":2.8,""nahco3"":3.9}"
"Burton-on-Trent","18B","minimum","276.496","276.496","275.917","0.580","0","0.08","1.3","{}"
"Burton-on-Trent","18B","target","276.297","276.297","275.716","0.580","0","0.37","1.3","{}"
"Burton-on-Trent","18B","modest","276.300","276.300","275.720","0.580","0","0.09","1.3","{}"
"Burton-on-Trent","21A","minimum","221.273","221.273","221.001","0.272","0","0.08","1.3","{}"
"Burton-on-Trent","21A","target","221.024","221.024","220.751","0.272","0","0.08","1.3","{}"
"Burton-on-Trent","21A","modest","221.028","221.028","220.756","0.272","0","0.07","1.3","{}"
"Burton-on-Trent","21B","minimum","270.062","270.290","270.062","0.000","2","0.08","48.9","{""kcl"":2.7,""nahco3"":1.6}"
"Burton-on-Trent","21B","target","269.772","269.999","269.772","0.000","2","0.07","48.9","{""kcl"":2.7,""nahco3"":1.6}"
"Burton-on-Trent","21B","modest","269.772","269.999","269.772","0.000","2","0.07","48.9","{""kcl"":2.7,""nahco3"":1.6}"
"Burton-on-Trent","21C","minimum","313.827","316.197","313.776","0.051","2","0.08","1.3","{""nacl"":1.9,""kcl"":2.8}"
"Burton-on-Trent","21C","target","313.486","316.022","313.434","0.051","2","0.08","1.3","{""nacl"":1.9,""kcl"":2.8}"
"Burton-on-Trent","21C","modest","313.522","316.026","313.471","0.051","2","0.08","1.3","{""nacl"":1.9,""kcl"":2.8}"
"Burton-on-Trent","23A","minimum","340.200","340.200","339.788","0.412","0","0.08","1.3","{}"
"Burton-on-Trent","23A","target","340.056","340.056","339.644","0.412","0","0.08","1.3","{}"
"Burton-on-Trent","23A","modest","340.056","340.056","339.644","0.412","0","0.08","1.3","{}"
"Burton-on-Trent","27","minimum","224.348","224.677","223.871","0.477","1","0.09","1.3","{""nacl"":3.6}"
"Burton-on-Trent","27","target","223.918","227.390","223.917","0.001","1","0.08","1.3","{""nacl"":5.7}"
"Burton-on-Trent","27","modest","224.301","224.629","223.824","0.477","1","0.08","1.3","{""nacl"":3.6}"
"Burton-on-Trent","24A","minimum","334.209","334.649","334.209","0.000","1","0.08","1.3","{""kcl"":2.8}"
"Burton-on-Trent","24A","target","334.047","334.487","334.047","0.000","1","0.07","1.3","{""kcl"":2.8}"
"Burton-on-Trent","24A","modest","334.047","334.487","334.047","0.000","1","0.07","1.3","{""kcl"":2.8}"
"Burton-on-Trent","24C","minimum","313.127","313.596","313.127","0.000","1","0.08","1.3","{""kcl"":2.8}"
"Burton-on-Trent","24C","target","312.950","313.420","312.950","0.000","1","0.07","1.3","{""kcl"":2.8}"
"Burton-on-Trent","24C","modest","312.954","313.423","312.954","0.000","1","0.07","1.3","{""kcl"":2.8}"
"Burton-on-Trent","25B","minimum","298.467","298.467","298.090","0.378","0","0.08","1.3","{}"
"Burton-on-Trent","25B","target","298.286","298.286","297.908","0.378","0","0.07","1.3","{}"
"Burton-on-Trent","25B","modest","298.286","298.286","297.908","0.378","0","0.07","1.3","{}"
"Burton-on-Trent","26C","minimum","313.376","313.376","313.095","0.281","0","0.08","1.3","{}"
"Burton-on-Trent","26C","target","313.220","313.220","312.938","0.282","0","0.07","1.3","{}"
"Burton-on-Trent","26C","modest","313.220","313.220","312.938","0.282","0","0.07","1.3","{}"
"Burton-on-Trent","26D","minimum","317.839","318.160","317.834","0.004","2","0.11","46","{""kcl"":2.8,""nahco3"":1.5}"
"Burton-on-Trent","26D","target","317.538","317.860","317.531","0.006","2","0.08","46","{""kcl"":2.8,""nahco3"":1.5}"
"Burton-on-Trent","26D","modest","317.596","317.918","317.592","0.004","2","0.09","46","{""kcl"":2.8,""nahco3"":1.5}"
"Burton-on-Trent","NA-BLONDE","minimum","335.192","335.192","334.903","0.290","1","0.08","1.3","{""kcl"":2.8}"
"Burton-on-Trent","NA-BLONDE","target","335.093","335.093","334.748","0.345","1","0.07","1.3","{""kcl"":2.8}"
"Burton-on-Trent","NA-BLONDE","modest","335.096","335.096","334.770","0.326","1","0.07","1.3","{""kcl"":2.8}"
"Burton-on-Trent","NA-IPA","minimum","311.102","311.168","311.039","0.063","2","0.08","1.3","{""nacl"":1.1,""kcl"":2.8}"
"Burton-on-Trent","NA-IPA","target","310.937","311.008","310.872","0.065","2","0.07","1.3","{""nacl"":1.1,""kcl"":2.8}"
"Burton-on-Trent","NA-IPA","modest","310.959","311.029","310.895","0.064","2","0.07","1.3","{""nacl"":1.1,""kcl"":2.8}"
"Burton-on-Trent","NA-WEISS","minimum","338.240","338.240","338.089","0.151","1","0.28","1.3","{""kcl"":2.8}"
"Burton-on-Trent","NA-WEISS","target","338.141","338.141","337.950","0.191","1","0.08","1.3","{""kcl"":2.8}"
"Burton-on-Trent","NA-WEISS","modest","338.144","338.144","337.967","0.177","1","0.08","1.3","{""kcl"":2.8}"
"Burton-on-Trent","NA-STOUT","minimum","336.463","335.689","336.169","0.294","2","0.10","102.5","{""kcl"":2.8,""nahco3"":3.4}"
"Burton-on-Trent","NA-STOUT","target","336.247","335.453","335.933","0.314","2","0.07","102.5","{""kcl"":2.8,""nahco3"":3.4}"
"Burton-on-Trent","NA-STOUT","modest","336.376","335.602","336.082","0.294","2","0.08","102.5","{""kcl"":2.8,""nahco3"":3.4}"
"Burton-on-Trent","NA-LAGER","minimum","335.804","336.047","335.803","0.001","1","0.06","1.3","{""kcl"":2.8}"
"Burton-on-Trent","NA-LAGER","target","335.707","335.951","335.706","0.001","1","0.06","1.3","{""kcl"":2.8}"
"Burton-on-Trent","NA-LAGER","modest","335.707","335.951","335.706","0.001","1","0.05","1.3","{""kcl"":2.8}"
"Burton-on-Trent","—","minimum","312.062","312.661","312.059","0.003","1","0.08","1.3","{""kcl"":2.8}"
"Burton-on-Trent","—","target","311.885","312.485","311.879","0.007","1","0.08","1.3","{""kcl"":2.8}"
"Burton-on-Trent","—","modest","311.888","312.488","311.884","0.005","1","0.07","1.3","{""kcl"":2.8}"
"Munich","01A","minimum","21.457","24.257","21.455","0.002","1","0.08","99","{""kcl"":2.3}"
"Munich","01A","target","21.335","24.148","21.095","0.240","1","0.08","99","{""kcl"":2.3}"
"Munich","01A","modest","21.335","24.148","21.095","0.240","1","0.08","99","{""kcl"":2.3}"
"Munich","05B","minimum","26.751","27.770","26.379","0.372","2","0.15","94.9","{""gypse"":0.5,""kcl"":2.8}"
"Munich","05B","target","26.584","27.609","25.976","0.608","2","0.15","94.9","{""gypse"":0.5,""kcl"":2.8}"
"Munich","05B","modest","26.584","27.609","25.976","0.608","2","0.14","94.9","{""gypse"":0.5,""kcl"":2.8}"
"Munich","05D","minimum","19.121","21.135","19.102","0.019","2","0.27","84","{""gypse"":1.8,""kcl"":2.1}"
"Munich","05D","target","18.760","20.810","18.598","0.162","2","0.28","84","{""gypse"":1.8,""kcl"":2.1}"
"Munich","05D","modest","18.760","20.810","18.598","0.162","2","0.28","84","{""gypse"":1.8,""kcl"":2.1}"
"Munich","04A","minimum","12.164","16.353","12.063","0.101","2","0.14","94.9","{""gypse"":0.5,""kcl"":2.8}"
"Munich","04A","target","11.791","16.078","11.243","0.549","2","0.14","94.9","{""gypse"":0.5,""kcl"":2.8}"
"Munich","04A","modest","11.791","16.078","11.243","0.549","2","0.14","94.9","{""gypse"":0.5,""kcl"":2.8}"
"Munich","06C","minimum","9.314","19.293","8.975","0.339","4","2.66","88.6","{""gypse"":0.8,""epsom"":1.3,""nacl"":1.4,""kcl"":2.8}"
"Munich","06C","target","3.769","19.338","3.694","0.075","4","1.90","89.6","{""gypse"":0.5,""epsom"":1.8,""nacl"":1.5,""kcl"":2.8}"
"Munich","06C","modest","4.517","19.422","4.482","0.035","4","2.07","89.6","{""gypse"":0.5,""epsom"":1.8,""nacl"":1.5,""kcl"":2.8}"
"Munich","08B","minimum","9.832","19.293","9.354","0.478","3","1.26","85.7","{""gypse"":1.6,""nacl"":1.4,""kcl"":2.8}"
"Munich","08B","target","5.393","19.422","5.352","0.042","4","1.16","87.3","{""gypse"":1.2,""epsom"":0.6,""nacl"":1.5,""kcl"":2.8}"
"Munich","08B","modest","5.393","19.422","5.352","0.042","4","1.16","87.3","{""gypse"":1.2,""epsom"":0.6,""nacl"":1.5,""kcl"":2.8}"
"Munich","10A","minimum","13.323","21.611","13.162","0.161","4","0.66","93.1","{""gypse"":0.5,""epsom"":0.6,""nacl"":0.8,""kcl"":2.8}"
"Munich","10A","target","11.781","21.727","11.657","0.124","4","0.46","93.1","{""gypse"":0.5,""epsom"":0.6,""nacl"":1.4,""kcl"":2.1}"
"Munich","10A","modest","11.781","21.727","11.657","0.124","4","0.45","93.1","{""gypse"":0.5,""epsom"":0.6,""nacl"":1.4,""kcl"":2.1}"
"Munich","11C","minimum","10.036","21.638","9.289","0.747","3","1.02","9.2","{""gypse"":10.8,""nacl"":1.2,""kcl"":2.8}"
"Munich","11C","target","7.596","21.914","7.564","0.031","4","1.04","10.8","{""gypse"":10.4,""epsom"":0.6,""nacl"":2.1,""kcl"":1.7}"
"Munich","11C","modest","7.595","21.332","7.564","0.031","4","1.09","10.8","{""gypse"":10.4,""epsom"":0.6,""nacl"":1.3,""kcl"":2.7}"
"Munich","13C","minimum","9.928","20.864","9.697","0.230","4","2.23","69.7","{""gypse"":2.8,""mgcl2"":1.7,""nacl"":1.3,""kcl"":2.8}"
"Munich","13C","target","2.963","21.281","2.859","0.104","4","1.88","78.2","{""gypse"":2.2,""epsom"":0.9,""nacl"":2.5,""kcl"":2.8}"
"Munich","13C","modest","5.122","20.623","4.802","0.321","4","2.04","72.2","{""gypse"":2.8,""mgcl2"":1,""nacl"":1.9,""kcl"":2.8}"
"Munich","15B","minimum","11.383","19.613","11.219","0.164","5","3.76","118.6","{""gypse"":2.3,""mgcl2"":1.7,""nacl"":1.2,""kcl"":2.8,""nahco3"":1.5}"
"Munich","15B","target","4.337","19.412","4.243","0.094","5","3.64","117.3","{""gypse"":1,""epsom"":2.1,""nacl"":2.3,""kcl"":2.8,""nahco3"":1.1}"
"Munich","15B","modest","7.765","18.903","7.125","0.639","5","3.69","117.1","{""gypse"":1.1,""epsom"":1.9,""nacl"":2.2,""kcl"":2.8,""nahco3"":1.1}"
"Munich","16A","minimum","12.063","20.689","11.186","0.877","5","3.68","102","{""gypse"":2.5,""mgcl2"":1.7,""nacl"":2.2,""kcl"":2.8,""nahco3"":1}"
"Munich","16A","target","4.143","20.991","3.945","0.198","5","5.68","100.5","{""gypse"":2.5,""mgcl2"":1.3,""nacl"":2.7,""kcl"":2.8,""nahco3"":0.9}"
"Munich","16A","modest","8.236","20.055","7.733","0.503","5","3.79","102","{""gypse"":2.5,""mgcl2"":1.7,""nacl"":2.3,""kcl"":2.8,""nahco3"":1}"
"Munich","20C","minimum","11.333","22.130","10.919","0.413","5","5.81","119.3","{""gypse"":3.1,""mgcl2"":3,""nacl"":1,""kcl"":2.8,""nahco3"":1.9}"
"Munich","20C","target","3.110","21.771","2.704","0.406","5","5.86","118.5","{""gypse"":3.1,""mgcl2"":0.7,""nacl"":2.5,""kcl"":2.8,""nahco3"":1.6}"
"Munich","20C","modest","7.464","21.219","7.327","0.137","5","5.59","119.3","{""gypse"":3.1,""mgcl2"":3,""nacl"":1.1,""kcl"":2.8,""nahco3"":1.9}"
"Munich","18B","minimum","13.982","23.247","13.894","0.088","4","1.08","41.5","{""gypse"":6.7,""epsom"":0.6,""nacl"":0.9,""kcl"":2.8}"
"Munich","18B","target","12.416","23.717","12.371","0.045","4","1.10","41.5","{""gypse"":6.7,""epsom"":0.6,""nacl"":1.8,""kcl"":1.7}"
"Munich","18B","modest","12.417","23.354","12.371","0.046","4","1.29","41.5","{""gypse"":6.7,""epsom"":0.6,""nacl"":1.4,""kcl"":2.3}"
"Munich","21A","minimum","23.101","27.182","22.563","0.538","3","0.93","7.5","{""gypse"":10.8,""epsom"":0.6,""kcl"":2.8}"
"Munich","21A","target","22.312","27.585","21.934","0.378","3","0.94","7.5","{""gypse"":10.8,""epsom"":0.6,""nacl"":2.5}"
"Munich","21A","modest","22.541","27.273","21.934","0.607","3","0.96","7.5","{""gypse"":10.8,""epsom"":0.6,""nacl"":2.5}"
"Munich","21B","minimum","15.500","19.877","14.830","0.670","4","3.38","100.5","{""gypse"":7.7,""nacl"":1.3,""kcl"":2.8,""nahco3"":2.2}"
"Munich","21B","target","9.997","17.835","9.877","0.121","5","3.51","99.1","{""gypse"":7.3,""epsom"":0.6,""nacl"":1.4,""kcl"":2.8,""nahco3"":2.1}"
"Munich","21B","modest","9.997","17.835","9.877","0.121","5","3.26","99.1","{""gypse"":7.3,""epsom"":0.6,""nacl"":1.4,""kcl"":2.8,""nahco3"":2.1}"
"Munich","21C","minimum","16.470","28.289","15.789","0.681","4","1.38","38","{""gypse"":3.6,""cacl2"":3.2,""nacl"":2.9,""kcl"":2.8}"
"Munich","21C","target","10.597","28.676","9.783","0.814","4","1.19","44.9","{""gypse"":3.7,""cacl2"":2.4,""nacl"":3.6,""kcl"":2.8}"
"Munich","21C","modest","11.599","28.377","10.810","0.789","4","1.22","44.9","{""gypse"":3.7,""cacl2"":2.4,""nacl"":3.6,""kcl"":2.8}"
"Munich","23A","minimum","11.360","19.078","11.279","0.080","3","0.29","87.4","{""gypse"":1.4,""nacl"":0.8,""kcl"":2.8}"
"Munich","23A","target","9.832","19.286","9.808","0.024","3","0.29","87.4","{""gypse"":1.4,""nacl"":1.4,""kcl"":2.1}"
"Munich","23A","modest","9.832","19.286","9.808","0.024","3","0.28","87.4","{""gypse"":1.4,""nacl"":1.4,""kcl"":2.1}"
"Munich","27","minimum","7.860","19.361","7.821","0.039","3","0.45","84","{""gypse"":1.8,""nacl"":4.4,""kcl"":2.8}"
"Munich","27","target","10.257","39.781","10.276","-0.019","2","0.26","84","{""gypse"":1.8,""nacl"":7.4}"
"Munich","27","modest","7.313","19.145","7.272","0.042","3","0.28","84","{""gypse"":1.8,""nacl"":4.4,""kcl"":2.8}"
"Munich","24A","minimum","13.003","22.461","12.885","0.119","4","1.02","84.8","{""gypse"":1.5,""epsom"":0.6,""nacl"":1.4,""kcl"":2.8}"
"Munich","24A","target","10.216","22.572","10.160","0.056","4","1.04","84.8","{""gypse"":1.5,""epsom"":0.6,""nacl"":1.6,""kcl"":2.8}"
"Munich","24A","modest","10.216","22.572","10.160","0.056","4","1.04","84.8","{""gypse"":1.5,""epsom"":0.6,""nacl"":1.6,""kcl"":2.8}"
"Munich","24C","minimum","13.610","23.229","12.770","0.841","3","1.22","67.5","{""gypse"":3.8,""nacl"":1.4,""kcl"":2.8}"
"Munich","24C","target","10.017","23.699","9.990","0.027","4","1.07","69","{""gypse"":3.4,""epsom"":0.6,""nacl"":1.7,""kcl"":2.7}"
"Munich","24C","modest","10.054","23.336","10.014","0.039","4","1.08","69","{""gypse"":3.4,""epsom"":0.6,""nacl"":1.6,""kcl"":2.8}"
"Munich","25B","minimum","26.244","32.694","25.359","0.885","4","0.97","72.3","{""gypse"":3,""epsom"":0.6,""nacl"":0.6,""kcl"":2.8}"
"Munich","25B","target","26.164","32.771","24.682","1.482","3","1.18","72.3","{""gypse"":3,""epsom"":0.6,""nacl"":2.8}"
"Munich","25B","modest","26.164","32.771","24.682","1.482","3","1.01","72.3","{""gypse"":3,""epsom"":0.6,""nacl"":2.8}"
"Munich","26C","minimum","16.793","20.058","16.247","0.546","3","0.29","74.1","{""gypse"":3,""nacl"":0.5,""kcl"":2.8}"
"Munich","26C","target","16.023","20.256","15.470","0.553","3","0.28","74.1","{""gypse"":3,""nacl"":1.4,""kcl"":1.7}"
"Munich","26C","modest","16.023","20.256","15.470","0.553","3","0.28","74.1","{""gypse"":3,""nacl"":1.4,""kcl"":1.7}"
"Munich","26D","minimum","9.667","19.374","9.389","0.278","4","1.92","65.4","{""gypse"":3.4,""mgcl2"":1.5,""nacl"":0.9,""kcl"":2.8}"
"Munich","26D","target","3.510","20.382","3.483","0.027","4","1.74","75.2","{""gypse"":2.2,""epsom"":1.9,""nacl"":2.1,""kcl"":2.5}"
"Munich","26D","modest","4.631","19.503","4.558","0.073","4","1.77","74.9","{""gypse"":2.3,""epsom"":1.7,""nacl"":1.8,""kcl"":2.8}"
"Munich","NA-BLONDE","minimum","12.020","19.737","11.899","0.121","3","0.30","83.2","{""gypse"":1.9,""nacl"":2.8,""kcl"":2.8}"
"Munich","NA-BLONDE","target","8.533","19.497","8.395","0.138","3","0.28","83.2","{""gypse"":1.9,""nacl"":2.8,""kcl"":2.8}"
"Munich","NA-BLONDE","modest","9.291","19.311","9.176","0.115","3","0.52","83.2","{""gypse"":1.9,""nacl"":2.8,""kcl"":2.8}"
"Munich","NA-IPA","minimum","16.930","25.791","16.581","0.350","4","0.30","53","{""gypse"":3.9,""cacl2"":1.4,""nacl"":2.8,""kcl"":2.8}"
"Munich","NA-IPA","target","14.662","25.155","14.142","0.520","4","0.29","53","{""gypse"":3.9,""cacl2"":1.4,""nacl"":2.8,""kcl"":2.8}"
"Munich","NA-IPA","modest","15.115","25.163","14.649","0.467","4","0.39","53","{""gypse"":3.9,""cacl2"":1.4,""nacl"":2.8,""kcl"":2.8}"
"Munich","NA-WEISS","minimum","19.173","21.842","18.989","0.185","3","0.16","94.9","{""gypse"":0.5,""nacl"":2.5,""kcl"":2.8}"
"Munich","NA-WEISS","target","17.469","21.087","17.312","0.157","3","0.14","94.9","{""gypse"":0.5,""nacl"":2.6,""kcl"":2.8}"
"Munich","NA-WEISS","modest","17.775","21.096","17.607","0.168","3","0.13","94.9","{""gypse"":0.5,""nacl"":2.5,""kcl"":2.8}"
"Munich","NA-STOUT","minimum","11.323","22.099","10.774","0.549","5","3.69","101","{""gypse"":1.7,""cacl2"":1.7,""nacl"":2.6,""kcl"":2.8,""nahco3"":1.1}"
"Munich","NA-STOUT","target","5.842","22.547","5.289","0.552","5","3.40","102.1","{""gypse"":1.8,""cacl2"":0.9,""nacl"":3.3,""kcl"":2.8,""nahco3"":0.9}"
"Munich","NA-STOUT","modest","10.321","21.603","9.543","0.778","5","3.48","101","{""gypse"":1.7,""cacl2"":1.7,""nacl"":2.6,""kcl"":2.8,""nahco3"":1.1}"
"Munich","NA-LAGER","minimum","20.072","23.575","19.913","0.158","3","0.17","94.9","{""gypse"":0.5,""nacl"":1.6,""kcl"":2.8}"
"Munich","NA-LAGER","target","19.234","23.358","19.094","0.140","3","0.14","94.9","{""gypse"":0.5,""nacl"":1.7,""kcl"":2.8}"
"Munich","NA-LAGER","modest","19.234","23.358","19.094","0.140","3","0.13","94.9","{""gypse"":0.5,""nacl"":1.7,""kcl"":2.8}"
"Munich","—","minimum","12.634","24.337","11.887","0.747","3","1.24","66.6","{""gypse"":3.9,""nacl"":1.6,""kcl"":2.8}"
"Munich","—","target","8.281","24.786","8.289","-0.007","4","1.13","68.2","{""gypse"":3.5,""epsom"":0.6,""nacl"":1.8,""kcl"":2.8}"
"Munich","—","modest","8.436","24.439","8.407","0.029","4","1.13","68.2","{""gypse"":3.5,""epsom"":0.6,""nacl"":1.8,""kcl"":2.8}"
"Vienne","01A","minimum","80.046","80.802","80.046","0.000","1","0.09","-79.8","{""kcl"":1.7}"
"Vienne","01A","target","79.669","80.428","79.656","0.013","1","0.08","-79.8","{""kcl"":1.7}"
"Vienne","01A","modest","79.669","80.428","79.656","0.013","1","0.08","-79.8","{""kcl"":1.7}"
"Vienne","05B","minimum","69.964","70.430","69.964","0.000","1","0.08","-79.8","{""kcl"":2.6}"
"Vienne","05B","target","69.405","69.874","69.390","0.015","1","0.07","-79.8","{""kcl"":2.6}"
"Vienne","05B","modest","69.405","69.874","69.390","0.015","1","0.07","-79.8","{""kcl"":2.6}"
"Vienne","05D","minimum","65.965","66.537","65.963","0.002","1","0.07","-79.8","{""kcl"":1.5}"
"Vienne","05D","target","65.358","65.936","65.354","0.004","1","0.07","-79.8","{""kcl"":1.5}"
"Vienne","05D","modest","65.358","65.936","65.354","0.004","1","0.07","-79.8","{""kcl"":1.5}"
"Vienne","04A","minimum","80.344","81.058","80.343","0.001","1","0.07","-79.8","{""kcl"":2.3}"
"Vienne","04A","target","79.857","80.575","79.844","0.014","1","0.07","-79.8","{""kcl"":2.3}"
"Vienne","04A","modest","79.857","80.575","79.844","0.014","1","0.22","-79.8","{""kcl"":2.3}"
"Vienne","06C","minimum","73.618","74.491","73.523","0.096","2","0.08","24.3","{""kcl"":2.8,""nahco3"":3.5}"
"Vienne","06C","target","72.139","73.030","72.039","0.100","2","0.07","24.3","{""kcl"":2.8,""nahco3"":3.5}"
"Vienne","06C","modest","72.307","73.196","72.207","0.100","2","0.07","24.3","{""kcl"":2.8,""nahco3"":3.5}"
"Vienne","08B","minimum","73.618","74.491","73.523","0.096","2","0.07","24.3","{""kcl"":2.8,""nahco3"":3.5}"
"Vienne","08B","target","72.307","73.196","72.207","0.100","2","0.07","24.3","{""kcl"":2.8,""nahco3"":3.5}"
"Vienne","08B","modest","72.307","73.196","72.207","0.100","2","0.06","24.3","{""kcl"":2.8,""nahco3"":3.5}"
"Vienne","10A","minimum","77.092","78.309","77.007","0.085","1","0.09","-79.8","{""kcl"":2.8}"
"Vienne","10A","target","76.539","77.765","76.335","0.204","1","0.08","-79.8","{""kcl"":2.8}"
"Vienne","10A","modest","76.539","77.765","76.335","0.204","1","0.08","-79.8","{""kcl"":2.8}"
"Vienne","11C","minimum","60.098","62.306","59.530","0.567","1","0.09","-79.8","{""kcl"":2.8}"
"Vienne","11C","target","58.895","61.890","58.725","0.169","1","0.08","-79.8","{""nacl"":2.8}"
"Vienne","11C","modest","59.167","61.660","58.725","0.442","1","0.08","-79.8","{""nacl"":2.7}"
"Vienne","13C","minimum","64.816","66.173","64.551","0.265","3","0.11","66","{""nacl"":0.5,""kcl"":2.8,""nahco3"":4.9}"
"Vienne","13C","target","62.159","63.832","61.854","0.305","3","0.09","66","{""nacl"":0.5,""kcl"":2.8,""nahco3"":4.9}"
"Vienne","13C","modest","62.810","64.381","62.518","0.293","3","0.10","66","{""nacl"":0.5,""kcl"":2.8,""nahco3"":4.9}"
"Vienne","15B","minimum","70.421","68.626","70.071","0.351","2","0.08","86.9","{""kcl"":2.8,""nahco3"":5.6}"
"Vienne","15B","target","68.489","66.623","68.101","0.388","2","0.09","86.9","{""kcl"":2.8,""nahco3"":5.6}"
"Vienne","15B","modest","69.239","67.405","68.871","0.368","2","0.08","86.9","{""kcl"":2.8,""nahco3"":5.6}"
"Vienne","16A","minimum","72.646","66.100","70.316","2.330","2","0.07","101.7","{""kcl"":2.8,""nahco3"":6.1}"
"Vienne","16A","target","70.484","63.504","67.848","2.636","2","0.06","101.7","{""kcl"":2.8,""nahco3"":6.1}"
"Vienne","16A","modest","71.446","64.709","69.000","2.447","2","0.06","101.7","{""kcl"":2.8,""nahco3"":6.1}"
"Vienne","20C","minimum","62.933","61.970","62.683","0.250","3","0.09","119.6","{""nacl"":0.8,""kcl"":2.8,""nahco3"":6.7}"
"Vienne","20C","target","59.375","58.338","59.091","0.285","3","0.08","119.6","{""nacl"":0.8,""kcl"":2.8,""nahco3"":6.7}"
"Vienne","20C","modest","61.329","60.336","61.067","0.262","3","0.08","119.6","{""nacl"":0.8,""kcl"":2.8,""nahco3"":6.7}"
"Vienne","18B","minimum","46.848","49.061","46.612","0.236","1","0.08","-79.8","{""kcl"":2.8}"
"Vienne","18B","target","45.737","48.312","45.464","0.273","1","0.09","-79.8","{""nacl"":2.5}"
"Vienne","18B","modest","45.904","48.187","45.464","0.439","1","0.07","-79.8","{""nacl"":2.5}"
"Vienne","21A","minimum","78.055","78.532","78.053","0.001","1","0.08","-79.8","{""kcl"":2.6}"
"Vienne","21A","target","77.480","78.067","77.430","0.050","1","0.08","-79.8","{""nacl"":2}"
"Vienne","21A","modest","77.508","77.989","77.430","0.079","1","0.10","-79.8","{""kcl"":2.6}"
"Vienne","21B","minimum","46.192","46.192","46.032","0.160","2","0.08","24.3","{""kcl"":2.8,""nahco3"":3.5}"
"Vienne","21B","target","44.072","44.072","43.900","0.172","2","0.07","24.3","{""kcl"":2.8,""nahco3"":3.5}"
"Vienne","21B","modest","44.072","44.072","43.900","0.172","2","0.08","24.3","{""kcl"":2.8,""nahco3"":3.5}"
"Vienne","21C","minimum","55.309","77.843","55.064","0.245","2","0.08","-79.8","{""nacl"":3.2,""kcl"":2.8}"
"Vienne","21C","target","53.024","77.373","52.765","0.259","2","0.08","-79.8","{""nacl"":3.2,""kcl"":2.8}"
"Vienne","21C","modest","53.239","77.295","52.981","0.257","2","0.08","-79.8","{""nacl"":3.2,""kcl"":2.8}"
"Vienne","23A","minimum","75.592","76.832","75.505","0.087","1","0.09","-79.8","{""kcl"":2.8}"
"Vienne","23A","target","75.140","76.388","74.932","0.208","1","0.09","-79.8","{""kcl"":2.8}"
"Vienne","23A","modest","75.140","76.388","74.932","0.208","1","0.08","-79.8","{""kcl"":2.8}"
"Vienne","27","minimum","48.599","51.740","48.597","0.002","2","0.08","-79.8","{""nacl"":4,""kcl"":2.8}"
"Vienne","27","target","48.833","62.385","48.832","0.001","1","0.07","-79.8","{""nacl"":6.9}"
"Vienne","27","modest","48.256","51.418","48.255","0.002","2","0.07","-79.8","{""nacl"":4,""kcl"":2.8}"
"Vienne","24A","minimum","72.124","74.015","72.107","0.017","2","0.08","-79.8","{""nacl"":1,""kcl"":2.8}"
"Vienne","24A","target","71.216","73.439","71.214","0.002","2","0.07","-79.8","{""nacl"":1.1,""kcl"":2.8}"
"Vienne","24A","modest","71.216","73.439","71.214","0.002","2","0.07","-79.8","{""nacl"":1.1,""kcl"":2.8}"
"Vienne","24C","minimum","56.974","59.350","56.953","0.021","2","0.09","-79.8","{""nacl"":1,""kcl"":2.8}"
"Vienne","24C","target","56.288","58.732","55.815","0.473","1","0.08","-79.8","{""nacl"":3.1}"
"Vienne","24C","modest","56.481","58.629","55.818","0.663","1","0.09","-79.8","{""nacl"":3.1}"
"Vienne","25B","minimum","54.377","55.778","54.338","0.039","1","0.08","-79.8","{""kcl"":2.8}"
"Vienne","25B","target","53.590","55.011","53.412","0.178","1","0.07","-79.8","{""kcl"":2.8}"
"Vienne","25B","modest","53.590","55.011","53.412","0.178","1","0.07","-79.8","{""kcl"":2.8}"
"Vienne","26C","minimum","58.238","59.255","58.232","0.006","1","0.08","-79.8","{""kcl"":2.8}"
"Vienne","26C","target","57.651","58.679","57.540","0.112","1","0.07","-79.8","{""kcl"":2.8}"
"Vienne","26C","modest","57.651","58.679","57.540","0.112","1","0.07","-79.8","{""kcl"":2.8}"
"Vienne","26D","minimum","58.547","59.578","58.497","0.050","3","0.09","45.2","{""nacl"":0.9,""kcl"":2.8,""nahco3"":4.2}"
"Vienne","26D","target","55.600","57.246","55.554","0.046","3","0.08","45.2","{""nacl"":1,""kcl"":2.8,""nahco3"":4.2}"
"Vienne","26D","modest","56.329","57.766","56.290","0.039","3","0.08","45.2","{""nacl"":1,""kcl"":2.8,""nahco3"":4.2}"
"Vienne","NA-BLONDE","minimum","70.370","71.848","70.351","0.019","2","0.08","-79.8","{""nacl"":2.3,""kcl"":2.8}"
"Vienne","NA-BLONDE","target","69.461","71.241","69.450","0.011","2","0.07","-79.8","{""nacl"":2.4,""kcl"":2.8}"
"Vienne","NA-BLONDE","modest","69.563","71.240","69.546","0.017","2","0.08","-79.8","{""nacl"":2.4,""kcl"":2.8}"
"Vienne","NA-IPA","minimum","56.068","57.111","55.768","0.300","2","0.07","-79.8","{""nacl"":2.4,""kcl"":2.8}"
"Vienne","NA-IPA","target","54.899","56.053","54.581","0.318","2","0.07","-79.8","{""nacl"":2.4,""kcl"":2.8}"
"Vienne","NA-IPA","modest","55.028","56.150","54.715","0.313","2","0.07","-79.8","{""nacl"":2.4,""kcl"":2.8}"
"Vienne","NA-WEISS","minimum","75.843","76.586","75.826","0.017","2","0.07","-79.8","{""nacl"":2,""kcl"":2.8}"
"Vienne","NA-WEISS","target","75.066","76.017","75.059","0.007","2","0.07","-79.8","{""nacl"":2.1,""kcl"":2.8}"
"Vienne","NA-WEISS","modest","75.137","76.016","75.125","0.011","2","0.07","-79.8","{""nacl"":2,""kcl"":2.8}"
"Vienne","NA-STOUT","minimum","79.894","70.003","79.223","0.671","2","0.26","86.9","{""kcl"":2.8,""nahco3"":5.6}"
"Vienne","NA-STOUT","target","78.704","68.640","78.004","0.701","2","0.07","86.9","{""kcl"":2.8,""nahco3"":5.6}"
"Vienne","NA-STOUT","modest","79.318","69.345","78.642","0.676","2","0.06","86.9","{""kcl"":2.8,""nahco3"":5.6}"
"Vienne","NA-LAGER","minimum","74.207","75.459","74.199","0.009","2","0.08","-79.8","{""nacl"":1.1,""kcl"":2.8}"
"Vienne","NA-LAGER","target","73.610","75.040","73.608","0.002","2","0.07","-79.8","{""nacl"":1.2,""kcl"":2.8}"
"Vienne","NA-LAGER","modest","73.610","75.040","73.608","0.002","2","0.07","-79.8","{""nacl"":1.2,""kcl"":2.8}"
"Vienne","—","minimum","55.080","58.203","55.057","0.023","2","0.07","-79.8","{""nacl"":1.1,""kcl"":2.8}"
"Vienne","—","target","54.394","57.573","53.794","0.600","1","0.07","-79.8","{""nacl"":3.2}"
"Vienne","—","modest","53.815","57.468","53.809","0.005","2","0.07","-79.8","{""nacl"":1.3,""kcl"":2.8}"
"Londres","01A","minimum","27.160","27.160","26.585","0.575","0","0.12","29.2","{}"
"Londres","01A","target","23.161","23.161","22.483","0.677","0","0.11","29.2","{}"
"Londres","01A","modest","23.161","23.161","22.483","0.677","0","0.11","29.2","{}"
"Londres","05B","minimum","26.550","27.144","26.548","0.002","2","0.14","15.9","{""gypse"":1.6,""kcl"":1.2}"
"Londres","05B","target","22.256","22.962","22.254","0.003","2","0.15","15.9","{""gypse"":1.6,""kcl"":1.2}"
"Londres","05B","modest","22.256","22.962","22.254","0.003","2","0.13","15.9","{""gypse"":1.6,""kcl"":1.2}"
"Londres","05D","minimum","26.519","26.519","26.513","0.006","1","0.12","12.6","{""gypse"":2}"
"Londres","05D","target","23.042","23.042","23.035","0.007","1","0.11","12.6","{""gypse"":2}"
"Londres","05D","modest","23.042","23.042","23.035","0.007","1","0.11","12.6","{""gypse"":2}"
"Londres","04A","minimum","26.491","26.498","26.489","0.002","1","0.12","20.4","{""cacl2"":0.9}"
"Londres","04A","target","22.185","22.194","22.183","0.002","1","0.12","20.4","{""cacl2"":0.9}"
"Londres","04A","modest","22.185","22.194","22.183","0.002","1","0.12","20.4","{""cacl2"":0.9}"
"Londres","06C","minimum","26.590","28.311","26.489","0.101","3","0.29","57.2","{""gypse"":0.7,""kcl"":2.7,""chaux"":0.7}"
"Londres","06C","target","19.961","22.202","19.826","0.134","3","0.27","57.2","{""gypse"":0.7,""kcl"":2.7,""chaux"":0.7}"
"Londres","06C","modest","20.216","22.432","20.083","0.133","3","0.26","57.2","{""gypse"":0.7,""kcl"":2.7,""chaux"":0.7}"
"Londres","08B","minimum","26.524","28.311","26.518","0.005","3","0.78","82.1","{""gypse"":0.6,""kcl"":2.7,""chaux"":1.2}"
"Londres","08B","target","20.129","22.432","20.122","0.007","3","0.26","82.1","{""gypse"":0.6,""kcl"":2.7,""chaux"":1.2}"
"Londres","08B","modest","20.129","22.432","20.122","0.007","3","0.26","82.1","{""gypse"":0.6,""kcl"":2.7,""chaux"":1.2}"
"Londres","10A","minimum","27.191","27.218","26.489","0.702","1","0.13","29.2","{""kcl"":1.9}"
"Londres","10A","target","20.154","21.036","20.083","0.070","2","0.14","25.1","{""gypse"":0.5,""kcl"":1.9}"
"Londres","10A","modest","20.154","21.036","20.083","0.070","2","0.12","25.1","{""gypse"":0.5,""kcl"":1.9}"
"Londres","11C","minimum","24.028","24.059","23.805","0.224","2","0.13","-72.8","{""gypse"":9.7,""cacl2"":2.2}"
"Londres","11C","target","17.674","17.715","17.369","0.305","2","0.13","-72.8","{""gypse"":9.7,""cacl2"":2.2}"
"Londres","11C","modest","20.348","20.384","20.083","0.265","2","0.13","-72.8","{""gypse"":9.7,""cacl2"":2.2}"
"Londres","13C","minimum","26.688","29.125","26.663","0.025","4","0.28","68.9","{""gypse"":1.6,""cacl2"":1,""kcl"":2.8,""chaux"":1.3}"
"Londres","13C","target","17.378","20.929","17.340","0.038","4","0.27","68.9","{""gypse"":1.6,""cacl2"":1,""kcl"":2.8,""chaux"":1.3}"
"Londres","13C","modest","20.345","23.451","20.312","0.033","4","0.27","68.9","{""gypse"":1.6,""cacl2"":1,""kcl"":2.8,""chaux"":1.3}"
"Londres","15B","minimum","26.416","26.661","25.687","0.729","3","0.40","116.4","{""gypse"":1.1,""kcl"":2.8,""chaux"":2}"
"Londres","15B","target","18.897","19.773","18.792","0.105","4","0.26","116.3","{""gypse"":1,""cacl2"":0.6,""kcl"":2.8,""chaux"":2.1}"
"Londres","15B","modest","22.663","23.398","22.575","0.087","4","0.51","116.3","{""gypse"":1,""cacl2"":0.6,""kcl"":2.8,""chaux"":2.1}"
"Londres","16A","minimum","26.621","26.649","26.530","0.091","4","0.52","102.8","{""gypse"":1.1,""cacl2"":1.9,""kcl"":2.8,""chaux"":2.1}"
"Londres","16A","target","18.667","18.707","18.536","0.131","4","0.34","102.8","{""gypse"":1.1,""cacl2"":1.9,""kcl"":2.8,""chaux"":2.1}"
"Londres","16A","modest","23.353","23.385","23.249","0.104","4","0.27","102.8","{""gypse"":1.1,""cacl2"":1.9,""kcl"":2.8,""chaux"":2.1}"
"Londres","20C","minimum","26.420","27.461","26.335","0.085","4","0.43","118.1","{""gypse"":1.7,""cacl2"":1.3,""kcl"":2.8,""chaux"":2.4}"
"Londres","20C","target","17.191","18.752","17.060","0.131","4","0.28","118.1","{""gypse"":1.7,""cacl2"":1.3,""kcl"":2.8,""chaux"":2.4}"
"Londres","20C","modest","23.124","24.306","23.026","0.097","4","0.31","118.1","{""gypse"":1.7,""cacl2"":1.3,""kcl"":2.8,""chaux"":2.4}"
"Londres","18B","minimum","26.492","27.456","26.491","0.001","2","0.15","-23.1","{""gypse"":6.3,""kcl"":2}"
"Londres","18B","target","18.724","20.065","18.722","0.002","2","0.14","-23.1","{""gypse"":6.3,""kcl"":2}"
"Londres","18B","modest","20.087","21.343","20.086","0.002","2","0.13","-23.1","{""gypse"":6.3,""kcl"":2}"
"Londres","21A","minimum","27.679","29.431","27.678","0.001","2","0.17","-63.9","{""gypse"":11.2,""kcl"":1.3}"
"Londres","21A","target","20.369","22.692","20.367","0.002","2","0.13","-63.9","{""gypse"":11.2,""kcl"":1.3}"
"Londres","21A","modest","21.629","23.829","21.627","0.002","2","0.13","-63.9","{""gypse"":11.2,""kcl"":1.3}"
"Londres","21B","minimum","30.013","29.777","30.020","-0.008","3","0.43","101.3","{""gypse"":6.4,""kcl"":2.8,""chaux"":2.6}"
"Londres","21B","target","24.544","24.255","24.554","-0.009","3","0.43","101.3","{""gypse"":6.4,""kcl"":2.8,""chaux"":2.6}"
"Londres","21B","modest","24.544","24.255","24.554","-0.009","3","0.42","101.3","{""gypse"":6.4,""kcl"":2.8,""chaux"":2.6}"
"Londres","21C","minimum","26.775","30.095","26.748","0.028","3","0.36","-42.1","{""gypse"":2.6,""cacl2"":5.1,""kcl"":2.8}"
"Londres","21C","target","19.123","23.546","19.084","0.039","3","0.15","-42.1","{""gypse"":2.6,""cacl2"":5.1,""kcl"":2.8}"
"Londres","21C","modest","20.460","24.645","20.423","0.036","3","0.19","-42.1","{""gypse"":2.6,""cacl2"":5.1,""kcl"":2.8}"
"Londres","23A","minimum","27.035","27.037","26.489","0.546","1","0.14","11.7","{""cacl2"":1.8}"
"Londres","23A","target","20.981","20.984","20.273","0.708","1","0.17","11.7","{""cacl2"":1.8}"
"Londres","23A","modest","20.981","20.984","20.273","0.708","1","0.12","11.7","{""cacl2"":1.8}"
"Londres","27","minimum","22.413","28.763","21.898","0.515","2","0.33","-2.9","{""cacl2"":3.3,""kcl"":2.8}"
"Londres","27","target","5.208","24.981","5.151","0.057","4","0.30","7","{""gypse"":0.8,""cacl2"":1.6,""nacl"":1.5,""kcl"":2.8}"
"Londres","27","modest","22.040","28.474","21.515","0.524","2","0.27","-2.9","{""cacl2"":3.3,""kcl"":2.8}"
"Londres","24A","minimum","26.569","27.652","26.489","0.080","2","0.18","20.1","{""gypse"":1.1,""kcl"":2.8}"
"Londres","24A","target","20.189","21.594","20.083","0.105","2","0.26","20.1","{""gypse"":1.1,""kcl"":2.8}"
"Londres","24A","modest","20.189","21.594","20.083","0.105","2","0.17","20.1","{""gypse"":1.1,""kcl"":2.8}"
"Londres","24C","minimum","26.581","27.617","26.489","0.092","2","0.13","4.3","{""gypse"":3,""kcl"":2.8}"
"Londres","24C","target","18.849","20.284","18.719","0.130","2","0.13","4.3","{""gypse"":3,""kcl"":2.8}"
"Londres","24C","modest","20.204","21.549","20.083","0.121","2","0.13","4.3","{""gypse"":3,""kcl"":2.8}"
"Londres","25B","minimum","26.855","28.393","26.851","0.003","2","0.13","-6.6","{""gypse"":4.3,""kcl"":1.7}"
"Londres","25B","target","20.563","22.535","20.559","0.004","2","0.17","-6.6","{""gypse"":4.3,""kcl"":1.7}"
"Londres","25B","modest","20.563","22.535","20.559","0.004","2","0.14","-6.6","{""gypse"":4.3,""kcl"":1.7}"
"Londres","26C","minimum","26.494","26.975","26.489","0.005","2","0.13","4.3","{""gypse"":3,""kcl"":1.5}"
"Londres","26C","target","20.279","20.904","20.273","0.006","2","0.16","4.3","{""gypse"":3,""kcl"":1.5}"
"Londres","26C","modest","20.279","20.904","20.273","0.006","2","0.12","4.3","{""gypse"":3,""kcl"":1.5}"
"Londres","26D","minimum","26.763","29.141","26.489","0.274","3","0.76","47.9","{""gypse"":2.4,""kcl"":2.8,""chaux"":0.8}"
"Londres","26D","target","17.493","20.951","17.071","0.422","3","0.42","47.9","{""gypse"":2.4,""kcl"":2.8,""chaux"":0.8}"
"Londres","26D","modest","20.443","23.470","20.083","0.360","3","0.54","47.9","{""gypse"":2.4,""kcl"":2.8,""chaux"":0.8}"
"Londres","NA-BLONDE","minimum","23.809","25.769","23.805","0.004","3","0.15","4.2","{""gypse"":0.9,""cacl2"":1.8,""kcl"":2.8}"
"Londres","NA-BLONDE","target","18.929","21.341","18.923","0.006","3","0.18","4.2","{""gypse"":0.9,""cacl2"":1.8,""kcl"":2.8}"
"Londres","NA-BLONDE","modest","20.278","22.547","20.273","0.005","3","0.13","4.2","{""gypse"":0.9,""cacl2"":1.8,""kcl"":2.8}"
"Londres","NA-IPA","minimum","24.732","29.909","24.680","0.052","3","0.18","-27","{""gypse"":2.9,""cacl2"":3.3,""kcl"":2.8}"
"Londres","NA-IPA","target","20.077","26.191","20.013","0.064","3","0.14","-27","{""gypse"":2.9,""cacl2"":3.3,""kcl"":2.8}"
"Londres","NA-IPA","modest","21.354","27.183","21.294","0.060","3","0.13","-27","{""gypse"":2.9,""cacl2"":3.3,""kcl"":2.8}"
"Londres","NA-WEISS","minimum","24.063","29.195","24.036","0.026","3","0.13","12.6","{""gypse"":0.6,""cacl2"":1.2,""kcl"":2.8}"
"Londres","NA-WEISS","target","19.246","25.373","19.213","0.033","3","0.12","12.6","{""gypse"":0.6,""cacl2"":1.2,""kcl"":2.8}"
"Londres","NA-WEISS","modest","20.575","26.395","20.544","0.031","3","0.17","12.6","{""gypse"":0.6,""cacl2"":1.2,""kcl"":2.8}"
"Londres","NA-STOUT","minimum","24.723","24.350","24.219","0.504","3","0.43","98.3","{""cacl2"":2.8,""kcl"":2.8,""chaux"":2}"
"Londres","NA-STOUT","target","19.482","19.006","18.838","0.644","3","0.25","98.3","{""cacl2"":2.8,""kcl"":2.8,""chaux"":2}"
"Londres","NA-STOUT","modest","23.796","23.407","23.271","0.524","3","0.63","98.3","{""cacl2"":2.8,""kcl"":2.8,""chaux"":2}"
"Londres","NA-LAGER","minimum","23.856","25.808","23.805","0.051","2","0.14","21.7","{""gypse"":0.9,""kcl"":2.8}"
"Londres","NA-LAGER","target","20.333","22.591","20.273","0.060","2","0.13","21.7","{""gypse"":0.9,""kcl"":2.8}"
"Londres","NA-LAGER","modest","20.333","22.591","20.273","0.060","2","0.13","21.7","{""gypse"":0.9,""kcl"":2.8}"
"Londres","—","minimum","26.910","27.374","26.489","0.422","2","0.14","3.4","{""gypse"":3.1,""kcl"":2.8}"
"Londres","—","target","19.311","19.952","18.719","0.592","2","0.22","3.4","{""gypse"":3.1,""kcl"":2.8}"
"Londres","—","modest","20.636","21.237","20.083","0.553","2","0.13","3.4","{""gypse"":3.1,""kcl"":2.8}"
"Dortmund","01A","minimum","88.118","88.118","88.118","0.000","0","0.05","-36.7","{}"
"Dortmund","01A","target","87.246","87.246","87.246","0.000","0","0.05","-36.7","{}"
"Dortmund","01A","modest","87.246","87.246","87.246","0.000","0","0.05","-36.7","{}"
"Dortmund","05B","minimum","78.157","78.157","78.157","0.000","0","0.06","-36.7","{}"
"Dortmund","05B","target","77.101","77.101","77.101","0.000","0","0.05","-36.7","{}"
"Dortmund","05B","modest","77.101","77.101","77.101","0.000","0","0.05","-36.7","{}"
"Dortmund","05D","minimum","75.774","75.774","75.774","0.000","0","0.05","-36.7","{}"
"Dortmund","05D","target","74.847","74.847","74.847","0.000","0","0.04","-36.7","{}"
"Dortmund","05D","modest","74.847","74.847","74.847","0.000","0","0.05","-36.7","{}"
"Dortmund","04A","minimum","87.179","87.179","87.179","0.000","0","0.05","-36.7","{}"
"Dortmund","04A","target","86.234","86.234","86.234","0.000","0","0.05","-36.7","{}"
"Dortmund","04A","modest","86.234","86.234","86.234","0.000","0","0.05","-36.7","{}"
"Dortmund","06C","minimum","79.095","79.095","78.484","0.611","0","0.06","-36.7","{}"
"Dortmund","06C","target","77.568","77.568","76.944","0.623","0","0.06","-36.7","{}"
"Dortmund","06C","modest","77.660","77.660","77.037","0.623","0","0.06","-36.7","{}"
"Dortmund","08B","minimum","79.095","79.095","78.484","0.611","0","0.06","-36.7","{}"
"Dortmund","08B","target","77.660","77.660","77.037","0.623","0","0.06","-36.7","{}"
"Dortmund","08B","modest","77.660","77.660","77.037","0.623","0","0.06","-36.7","{}"
"Dortmund","10A","minimum","84.003","84.003","83.971","0.032","0","0.05","-36.7","{}"
"Dortmund","10A","target","82.653","82.653","82.621","0.032","0","0.05","-36.7","{}"
"Dortmund","10A","modest","82.653","82.653","82.621","0.032","0","0.05","-36.7","{}"
"Dortmund","11C","minimum","67.316","67.316","67.016","0.300","0","0.05","-36.7","{}"
"Dortmund","11C","target","65.877","65.877","65.571","0.307","0","0.05","-36.7","{}"
"Dortmund","11C","modest","66.319","66.319","66.014","0.305","0","0.05","-36.7","{}"
"Dortmund","13C","minimum","67.483","69.325","67.482","0.001","1","0.07","-36.7","{""kcl"":2.3}"
"Dortmund","13C","target","65.241","67.144","65.240","0.001","1","0.09","-36.7","{""kcl"":2.3}"
"Dortmund","13C","modest","65.795","67.682","65.794","0.001","1","0.06","-36.7","{""kcl"":2.3}"
"Dortmund","15B","minimum","72.190","73.561","72.188","0.001","1","0.06","-36.7","{""kcl"":2.1}"
"Dortmund","15B","target","70.587","71.989","70.586","0.001","1","0.06","-36.7","{""kcl"":2.1}"
"Dortmund","15B","modest","71.260","72.649","71.259","0.001","1","0.06","-36.7","{""kcl"":2.1}"
"Dortmund","16A","minimum","69.254","70.809","69.190","0.064","2","0.07","-6.9","{""kcl"":2.8,""nahco3"":1}"
"Dortmund","16A","target","67.105","68.709","67.005","0.100","2","0.06","-6.9","{""kcl"":2.8,""nahco3"":1}"
"Dortmund","16A","modest","68.174","69.753","68.098","0.076","2","0.06","-6.9","{""kcl"":2.8,""nahco3"":1}"
"Dortmund","20C","minimum","64.929","66.768","64.932","-0.003","2","0.12","25.9","{""kcl"":2.8,""nahco3"":2.1}"
"Dortmund","20C","target","61.915","63.841","61.914","0.001","2","0.07","25.9","{""kcl"":2.8,""nahco3"":2.1}"
"Dortmund","20C","modest","63.644","65.519","63.646","-0.002","2","0.06","25.9","{""kcl"":2.8,""nahco3"":2.1}"
"Dortmund","18B","minimum","57.705","57.705","57.601","0.104","0","0.06","-36.7","{}"
"Dortmund","18B","target","55.440","55.440","55.332","0.108","0","0.05","-36.7","{}"
"Dortmund","18B","modest","55.721","55.721","55.613","0.108","0","0.09","-36.7","{}"
"Dortmund","21A","minimum","86.071","86.071","86.071","0.000","0","0.05","-36.7","{}"
"Dortmund","21A","target","84.569","84.569","84.569","0.000","0","0.06","-36.7","{}"
"Dortmund","21A","modest","84.754","84.754","84.754","-0.000","0","0.05","-36.7","{}"
"Dortmund","21B","minimum","53.911","54.903","53.910","0.001","1","0.06","-36.7","{""kcl"":1.1}"
"Dortmund","21B","target","51.782","52.814","51.782","0.001","1","0.09","-36.7","{""kcl"":1.1}"
"Dortmund","21B","modest","51.782","52.814","51.782","0.001","1","0.06","-36.7","{""kcl"":1.1}"
"Dortmund","21C","minimum","65.295","65.295","65.014","0.282","1","0.06","-36.7","{""kcl"":2.8}"
"Dortmund","21C","target","63.303","63.303","63.012","0.291","1","0.22","-36.7","{""kcl"":2.8}"
"Dortmund","21C","modest","63.549","63.549","63.260","0.289","1","0.06","-36.7","{""kcl"":2.8}"
"Dortmund","23A","minimum","82.375","82.375","82.343","0.032","0","0.06","-36.7","{}"
"Dortmund","23A","target","81.062","81.062","81.029","0.033","0","0.05","-36.7","{}"
"Dortmund","23A","modest","81.062","81.062","81.029","0.033","0","0.05","-36.7","{}"
"Dortmund","27","minimum","53.675","55.426","53.072","0.603","1","0.08","-36.7","{""kcl"":2.8}"
"Dortmund","27","target","52.036","65.197","51.983","0.053","1","0.08","-36.7","{""nacl"":3.6}"
"Dortmund","27","modest","53.476","55.233","52.871","0.605","1","0.08","-36.7","{""kcl"":2.8}"
"Dortmund","24A","minimum","79.291","80.046","79.291","0.000","1","0.05","-36.7","{""kcl"":1.2}"
"Dortmund","24A","target","77.859","78.628","77.859","0.000","1","0.05","-36.7","{""kcl"":1.2}"
"Dortmund","24A","modest","77.859","78.628","77.859","0.000","1","0.05","-36.7","{""kcl"":1.2}"
"Dortmund","24C","minimum","65.748","66.657","65.748","0.000","1","0.05","-36.7","{""kcl"":1.2}"
"Dortmund","24C","target","63.770","64.706","63.770","0.000","1","0.05","-36.7","{""kcl"":1.2}"
"Dortmund","24C","modest","64.014","64.947","64.014","0.000","1","0.05","-36.7","{""kcl"":1.2}"
"Dortmund","25B","minimum","64.774","64.774","64.771","0.003","0","0.05","-36.7","{}"
"Dortmund","25B","target","63.013","63.013","63.011","0.003","0","0.05","-36.7","{}"
"Dortmund","25B","modest","63.013","63.013","63.011","0.003","0","0.05","-36.7","{}"
"Dortmund","26C","minimum","67.436","67.436","67.436","0.000","0","0.05","-36.7","{}"
"Dortmund","26C","target","65.826","65.826","65.826","0.000","0","0.05","-36.7","{}"
"Dortmund","26C","modest","65.826","65.826","65.826","0.000","0","0.05","-36.7","{}"
"Dortmund","26D","minimum","64.157","65.637","64.157","0.000","1","0.06","-36.7","{""kcl"":1.5}"
"Dortmund","26D","target","61.795","63.329","61.795","0.000","1","0.07","-36.7","{""kcl"":1.5}"
"Dortmund","26D","modest","62.379","63.900","62.379","0.000","1","0.06","-36.7","{""kcl"":1.5}"
"Dortmund","NA-BLONDE","minimum","76.302","77.981","76.293","0.009","1","0.06","-36.7","{""kcl"":2.8}"
"Dortmund","NA-BLONDE","target","75.284","76.985","75.275","0.009","1","0.05","-36.7","{""kcl"":2.8}"
"Dortmund","NA-BLONDE","modest","75.491","77.188","75.482","0.009","1","0.05","-36.7","{""kcl"":2.8}"
"Dortmund","NA-IPA","minimum","63.501","64.352","63.346","0.155","1","0.07","-36.7","{""kcl"":2.8}"
"Dortmund","NA-IPA","target","62.274","63.142","62.116","0.158","1","0.08","-36.7","{""kcl"":2.8}"
"Dortmund","NA-IPA","modest","62.525","63.389","62.367","0.157","1","0.06","-36.7","{""kcl"":2.8}"
"Dortmund","NA-WEISS","minimum","82.184","83.073","82.184","0.000","1","0.06","-36.7","{""kcl"":2.5}"
"Dortmund","NA-WEISS","target","81.240","82.140","81.240","0.000","1","0.07","-36.7","{""kcl"":2.5}"
"Dortmund","NA-WEISS","modest","81.432","82.330","81.432","0.000","1","0.06","-36.7","{""kcl"":2.5}"
"Dortmund","NA-STOUT","minimum","73.468","74.076","73.360","0.108","1","0.07","-36.7","{""kcl"":2.8}"
"Dortmund","NA-STOUT","target","72.383","72.999","72.273","0.110","1","0.06","-36.7","{""kcl"":2.8}"
"Dortmund","NA-STOUT","modest","73.070","73.681","72.962","0.109","1","0.06","-36.7","{""kcl"":2.8}"
"Dortmund","NA-LAGER","minimum","80.991","81.893","80.991","0.000","1","0.06","-36.7","{""kcl"":1.3}"
"Dortmund","NA-LAGER","target","80.228","81.139","80.228","0.000","1","0.05","-36.7","{""kcl"":1.3}"
"Dortmund","NA-LAGER","modest","80.228","81.139","80.228","0.000","1","0.05","-36.7","{""kcl"":1.3}"
"Dortmund","—","minimum","63.743","65.110","63.742","0.002","1","0.06","-36.7","{""kcl"":1.5}"
"Dortmund","—","target","61.701","63.112","61.699","0.002","1","0.05","-36.7","{""kcl"":1.5}"
"Dortmund","—","modest","61.953","63.359","61.952","0.002","1","0.05","-36.7","{""kcl"":1.5}"
"Dure synthétique","01A","minimum","60.393","60.393","60.393","0.000","0","0.05","181.7","{}"
"Dure synthétique","01A","target","59.745","59.745","59.745","0.000","0","0.05","181.7","{}"
"Dure synthétique","01A","modest","59.745","59.745","59.745","0.000","0","0.05","181.7","{}"
"Dure synthétique","05B","minimum","52.861","52.861","52.861","0.000","0","0.05","181.7","{}"
"Dure synthétique","05B","target","52.046","52.046","52.046","0.000","0","0.05","181.7","{}"
"Dure synthétique","05B","modest","52.046","52.046","52.046","0.000","0","0.05","181.7","{}"
"Dure synthétique","05D","minimum","55.340","55.340","55.340","0.000","0","0.05","181.7","{}"
"Dure synthétique","05D","target","54.646","54.646","54.646","0.000","0","0.05","181.7","{}"
"Dure synthétique","05D","modest","54.646","54.646","54.646","0.000","0","0.05","181.7","{}"
"Dure synthétique","04A","minimum","56.149","56.149","56.149","0.000","0","0.05","181.7","{}"
"Dure synthétique","04A","target","55.381","55.381","55.381","0.000","0","0.05","181.7","{}"
"Dure synthétique","04A","modest","55.381","55.381","55.381","0.000","0","0.05","181.7","{}"
"Dure synthétique","06C","minimum","45.682","45.682","45.682","0.000","0","0.09","181.7","{}"
"Dure synthétique","06C","target","44.376","44.376","44.376","0.000","0","0.09","181.7","{}"
"Dure synthétique","06C","modest","44.480","44.480","44.480","0.000","0","0.07","181.7","{}"
"Dure synthétique","08B","minimum","45.682","45.682","45.682","0.000","0","0.08","181.7","{}"
"Dure synthétique","08B","target","44.480","44.480","44.480","0.000","0","0.10","181.7","{}"
"Dure synthétique","08B","modest","44.480","44.480","44.480","0.000","0","0.07","181.7","{}"
"Dure synthétique","10A","minimum","52.494","52.494","52.494","0.000","0","0.06","181.7","{}"
"Dure synthétique","10A","target","51.452","51.452","51.452","0.000","0","0.05","181.7","{}"
"Dure synthétique","10A","modest","51.452","51.452","51.452","0.000","0","0.05","181.7","{}"
"Dure synthétique","11C","minimum","91.145","91.145","91.145","-0.000","0","0.05","181.7","{}"
"Dure synthétique","11C","target","90.732","90.732","90.732","-0.000","0","0.05","181.7","{}"
"Dure synthétique","11C","modest","90.778","90.778","90.778","-0.000","0","0.05","181.7","{}"
"Dure synthétique","13C","minimum","38.770","39.992","38.769","0.001","1","0.08","181.7","{""kcl"":1.1}"
"Dure synthétique","13C","target","37.110","38.385","37.109","0.001","1","0.07","181.7","{""kcl"":1.1}"
"Dure synthétique","13C","modest","37.346","38.613","37.345","0.001","1","0.07","181.7","{""kcl"":1.1}"
"Dure synthétique","15B","minimum","42.194","42.961","42.194","0.000","1","0.07","181.7","{""kcl"":0.9}"
"Dure synthétique","15B","target","41.201","41.994","41.184","0.018","1","0.07","181.7","{""nacl"":0.7}"
"Dure synthétique","15B","modest","41.397","42.178","41.396","0.000","1","0.07","181.7","{""kcl"":0.9}"
"Dure synthétique","16A","minimum","38.207","41.373","38.206","0.001","1","0.08","181.7","{""kcl"":2.3}"
"Dure synthétique","16A","target","37.200","40.445","37.087","0.113","1","0.08","181.7","{""kcl"":2.3}"
"Dure synthétique","16A","modest","37.324","40.560","37.323","0.001","1","0.08","181.7","{""kcl"":2.3}"
"Dure synthétique","20C","minimum","36.601","39.558","36.599","0.002","1","0.08","181.7","{""kcl"":1.6}"
"Dure synthétique","20C","target","35.360","38.652","35.354","0.006","1","0.07","181.7","{""nacl"":1.3}"
"Dure synthétique","20C","modest","35.679","38.706","35.677","0.002","1","0.09","181.7","{""kcl"":1.6}"
"Dure synthétique","18B","minimum","62.629","62.629","62.629","0.000","0","0.06","181.7","{}"
"Dure synthétique","18B","target","61.707","61.707","61.707","0.000","0","0.05","181.7","{}"
"Dure synthétique","18B","modest","61.758","61.758","61.758","0.000","0","0.05","181.7","{}"
"Dure synthétique","21A","minimum","110.728","110.728","110.728","0.000","0","0.05","181.7","{}"
"Dure synthétique","21A","target","110.209","110.209","110.209","0.000","0","0.04","181.7","{}"
"Dure synthétique","21A","modest","110.238","110.238","110.238","0.000","0","0.04","181.7","{}"
"Dure synthétique","21B","minimum","63.181","63.181","63.181","0.000","0","0.07","181.7","{}"
"Dure synthétique","21B","target","62.318","62.318","62.318","0.000","0","0.07","181.7","{}"
"Dure synthétique","21B","modest","62.318","62.318","62.318","0.000","0","0.07","181.7","{}"
"Dure synthétique","21C","minimum","35.802","40.307","35.725","0.077","2","0.08","181.7","{""nacl"":1.5,""kcl"":2.8}"
"Dure synthétique","21C","target","32.941","38.860","32.847","0.095","2","0.08","181.7","{""nacl"":1.5,""kcl"":2.8}"
"Dure synthétique","21C","modest","33.284","38.940","33.194","0.090","2","0.07","181.7","{""nacl"":1.5,""kcl"":2.8}"
"Dure synthétique","23A","minimum","50.595","50.595","50.595","0.000","0","0.06","181.7","{}"
"Dure synthétique","23A","target","49.583","49.583","49.583","0.000","0","0.05","181.7","{}"
"Dure synthétique","23A","modest","49.583","49.583","49.583","0.000","0","0.05","181.7","{}"
"Dure synthétique","27","minimum","32.330","32.531","32.160","0.169","1","0.08","181.7","{""nacl"":2.5}"
"Dure synthétique","27","target","36.592","48.030","36.585","0.007","1","0.07","181.7","{""nacl"":4.6}"
"Dure synthétique","27","modest","32.090","32.294","31.920","0.170","1","0.07","181.7","{""nacl"":2.5}"
"Dure synthétique","24A","minimum","48.801","48.801","48.801","0.000","0","0.07","181.7","{}"
"Dure synthétique","24A","target","47.678","47.678","47.678","0.000","0","0.06","181.7","{}"
"Dure synthétique","24A","modest","47.678","47.678","47.678","0.000","0","0.06","181.7","{}"
"Dure synthétique","24C","minimum","45.192","45.192","45.192","0.000","0","0.07","181.7","{}"
"Dure synthétique","24C","target","43.906","43.906","43.906","0.000","0","0.07","181.7","{}"
"Dure synthétique","24C","modest","43.977","43.977","43.977","0.000","0","0.06","181.7","{}"
"Dure synthétique","25B","minimum","55.496","55.496","55.496","0.000","0","0.05","181.7","{}"
"Dure synthétique","25B","target","54.511","54.511","54.511","0.000","0","0.05","181.7","{}"
"Dure synthétique","25B","modest","54.511","54.511","54.511","0.000","0","0.05","181.7","{}"
"Dure synthétique","26C","minimum","48.906","48.906","48.906","0.000","0","0.05","181.7","{}"
"Dure synthétique","26C","target","47.859","47.859","47.859","0.000","0","0.04","181.7","{}"
"Dure synthétique","26C","modest","47.859","47.859","47.859","0.000","0","0.05","181.7","{}"
"Dure synthétique","26D","minimum","39.883","39.883","39.816","0.067","0","0.07","181.7","{}"
"Dure synthétique","26D","target","38.272","38.272","38.202","0.070","0","0.07","181.7","{}"
"Dure synthétique","26D","modest","38.501","38.501","38.432","0.069","0","0.07","181.7","{}"
"Dure synthétique","NA-BLONDE","minimum","44.652","47.295","44.652","0.000","1","0.07","181.7","{""kcl"":1.7}"
"Dure synthétique","NA-BLONDE","target","43.908","46.593","43.908","0.000","1","0.07","181.7","{""kcl"":1.7}"
"Dure synthétique","NA-BLONDE","modest","43.979","46.660","43.979","0.000","1","0.07","181.7","{""kcl"":1.7}"
"Dure synthétique","NA-IPA","minimum","42.232","46.851","41.952","0.280","1","0.07","181.7","{""kcl"":2.8}"
"Dure synthétique","NA-IPA","target","41.444","46.142","41.004","0.440","1","0.07","181.7","{""kcl"":2.8}"
"Dure synthétique","NA-IPA","modest","41.519","46.210","41.137","0.383","1","0.07","181.7","{""kcl"":2.8}"
"Dure synthétique","NA-WEISS","minimum","50.828","52.122","50.827","0.001","1","0.08","181.7","{""kcl"":1.3}"
"Dure synthétique","NA-WEISS","target","50.175","51.485","50.174","0.001","1","0.07","181.7","{""kcl"":1.3}"
"Dure synthétique","NA-WEISS","modest","50.237","51.546","50.236","0.001","1","0.07","181.7","{""kcl"":1.3}"
"Dure synthétique","NA-STOUT","minimum","38.972","42.763","38.894","0.077","1","0.07","181.7","{""kcl"":2.8}"
"Dure synthétique","NA-STOUT","target","38.433","42.273","38.188","0.245","1","0.07","181.7","{""kcl"":2.8}"
"Dure synthétique","NA-STOUT","modest","38.433","42.273","38.355","0.078","1","0.07","181.7","{""kcl"":2.8}"
"Dure synthétique","NA-LAGER","minimum","50.488","50.488","50.484","0.003","0","0.05","181.7","{}"
"Dure synthétique","NA-LAGER","target","49.893","49.893","49.890","0.003","0","0.05","181.7","{}"
"Dure synthétique","NA-LAGER","modest","49.893","49.893","49.890","0.003","0","0.05","181.7","{}"
"Dure synthétique","—","minimum","43.591","43.591","43.556","0.034","0","0.07","181.7","{}"
"Dure synthétique","—","target","42.256","42.256","42.221","0.036","0","0.07","181.7","{}"
"Dure synthétique","—","modest","42.330","42.330","42.295","0.035","0","0.06","181.7","{}"
"Salée synthétique","01A","minimum","150.307","150.307","150.307","-0.000","0","0.05","31.1","{}"
"Salée synthétique","01A","target","149.028","149.028","149.028","0.000","0","0.05","31.1","{}"
"Salée synthétique","01A","modest","149.028","149.028","149.028","0.000","0","0.05","31.1","{}"
"Salée synthétique","05B","minimum","141.631","141.631","141.631","-0.000","0","0.05","31.1","{}"
"Salée synthétique","05B","target","140.269","140.269","140.269","0.000","0","0.05","31.1","{}"
"Salée synthétique","05B","modest","140.269","140.269","140.269","0.000","0","0.04","31.1","{}"
"Salée synthétique","05D","minimum","151.176","151.176","151.176","0.000","0","0.07","31.1","{}"
"Salée synthétique","05D","target","150.182","150.182","150.182","0.000","0","0.07","31.1","{}"
"Salée synthétique","05D","modest","150.182","150.182","150.182","0.000","0","0.06","31.1","{}"
"Salée synthétique","04A","minimum","146.575","146.575","146.575","-0.000","0","0.05","31.1","{}"
"Salée synthétique","04A","target","145.260","145.260","145.260","0.000","0","0.05","31.1","{}"
"Salée synthétique","04A","modest","145.260","145.260","145.260","0.000","0","0.05","31.1","{}"
"Salée synthétique","06C","minimum","130.436","130.436","130.436","0.000","1","0.06","55.2","{""chaux"":0.5}"
"Salée synthétique","06C","target","128.216","128.216","128.216","-0.000","1","0.05","55.2","{""chaux"":0.5}"
"Salée synthétique","06C","modest","128.213","128.213","128.213","0.000","1","0.05","55.2","{""chaux"":0.5}"
"Salée synthétique","08B","minimum","130.152","130.152","130.152","0.000","1","0.05","84.1","{""chaux"":1.1}"
"Salée synthétique","08B","target","127.924","127.924","127.924","-0.000","1","0.05","84.1","{""chaux"":1.1}"
"Salée synthétique","08B","modest","127.924","127.924","127.924","-0.000","1","0.05","84.1","{""chaux"":1.1}"
"Salée synthétique","10A","minimum","137.237","137.237","137.237","0.000","0","0.05","31.1","{}"
"Salée synthétique","10A","target","135.126","135.126","135.126","0.000","0","0.04","31.1","{}"
"Salée synthétique","10A","modest","135.126","135.126","135.126","0.000","0","0.04","31.1","{}"
"Salée synthétique","11C","minimum","131.435","131.430","131.433","0.002","1","0.08","-32.9","{""gypse"":7.7}"
"Salée synthétique","11C","target","129.358","129.353","129.356","0.002","1","0.07","-32.9","{""gypse"":7.7}"
"Salée synthétique","11C","modest","130.353","130.348","130.351","0.002","1","0.07","-32.9","{""gypse"":7.7}"
"Salée synthétique","13C","minimum","119.167","119.167","119.167","-0.000","1","0.06","64.8","{""chaux"":0.7}"
"Salée synthétique","13C","target","115.621","115.621","115.621","-0.000","1","0.05","64.8","{""chaux"":0.7}"
"Salée synthétique","13C","modest","116.730","116.730","116.730","-0.000","1","0.05","64.8","{""chaux"":0.7}"
"Salée synthétique","15B","minimum","118.954","118.954","118.954","-0.000","1","0.06","117.8","{""chaux"":1.8}"
"Salée synthétique","15B","target","116.130","116.130","116.130","-0.000","1","0.05","117.8","{""chaux"":1.8}"
"Salée synthétique","15B","modest","117.757","117.757","117.757","-0.000","1","0.05","117.8","{""chaux"":1.8}"
"Salée synthétique","16A","minimum","107.406","107.406","107.410","-0.004","1","0.05","98.6","{""chaux"":1.4}"
"Salée synthétique","16A","target","103.699","103.699","103.703","-0.004","1","0.05","98.6","{""chaux"":1.4}"
"Salée synthétique","16A","modest","106.079","106.079","106.083","-0.004","1","0.05","98.6","{""chaux"":1.4}"
"Salée synthétique","20C","minimum","112.398","112.398","112.398","-0.000","1","0.05","117.8","{""chaux"":1.8}"
"Salée synthétique","20C","target","108.340","108.340","108.340","-0.000","1","0.07","117.8","{""chaux"":1.8}"
"Salée synthétique","20C","modest","111.131","111.131","111.131","-0.000","1","0.05","117.8","{""chaux"":1.8}"
"Salée synthétique","18B","minimum","134.619","134.674","134.621","-0.002","1","0.24","-2.1","{""gypse"":4}"
"Salée synthétique","18B","target","131.970","132.025","131.972","-0.002","1","0.08","-2.1","{""gypse"":4}"
"Salée synthétique","18B","modest","132.466","132.522","132.468","-0.002","1","0.07","-2.1","{""gypse"":4}"
"Salée synthétique","21A","minimum","140.550","140.558","140.549","0.000","1","0.07","-42.9","{""gypse"":8.9}"
"Salée synthétique","21A","target","138.014","138.023","138.014","0.000","1","0.08","-42.9","{""gypse"":8.9}"
"Salée synthétique","21A","modest","138.489","138.497","138.489","0.000","1","0.07","-42.9","{""gypse"":8.9}"
"Salée synthétique","21B","minimum","127.716","127.912","127.715","0.000","2","0.16","102.2","{""gypse"":4.2,""chaux"":2.2}"
"Salée synthétique","21B","target","125.444","125.645","125.444","0.000","2","0.14","102.2","{""gypse"":4.2,""chaux"":2.2}"
"Salée synthétique","21B","modest","125.444","125.645","125.444","0.000","2","0.14","102.2","{""gypse"":4.2,""chaux"":2.2}"
"Salée synthétique","21C","minimum","89.941","89.487","89.469","0.472","0","0.07","31.1","{}"
"Salée synthétique","21C","target","85.925","85.450","85.431","0.494","0","0.07","31.1","{}"
"Salée synthétique","21C","modest","86.685","86.215","86.196","0.489","0","0.07","31.1","{}"
"Salée synthétique","23A","minimum","137.374","137.374","137.374","-0.000","0","0.05","31.1","{}"
"Salée synthétique","23A","target","135.266","135.266","135.266","0.000","0","0.05","31.1","{}"
"Salée synthétique","23A","modest","135.266","135.266","135.266","0.000","0","0.05","31.1","{}"
"Salée synthétique","27","minimum","108.464","108.464","108.464","-0.000","0","0.05","31.1","{}"
"Salée synthétique","27","target","81.000","81.000","81.000","0.000","0","0.05","31.1","{}"
"Salée synthétique","27","modest","108.448","108.448","108.448","-0.000","0","0.05","31.1","{}"
"Salée synthétique","24A","minimum","128.685","128.685","128.685","-0.000","0","0.05","31.1","{}"
"Salée synthétique","24A","target","126.431","126.431","126.431","-0.000","0","0.04","31.1","{}"
"Salée synthétique","24A","modest","126.431","126.431","126.431","-0.000","0","0.04","31.1","{}"
"Salée synthétique","24C","minimum","128.273","128.032","128.027","0.246","0","0.07","31.1","{}"
"Salée synthétique","24C","target","125.490","125.243","125.238","0.252","0","0.07","31.1","{}"
"Salée synthétique","24C","modest","126.012","125.766","125.761","0.251","0","0.07","31.1","{}"
"Salée synthétique","25B","minimum","136.975","137.000","136.973","0.002","1","0.07","14.5","{""gypse"":2}"
"Salée synthétique","25B","target","134.860","134.885","134.858","0.002","1","0.07","14.5","{""gypse"":2}"
"Salée synthétique","25B","modest","134.860","134.885","134.858","0.002","1","0.07","14.5","{""gypse"":2}"
"Salée synthétique","26C","minimum","139.129","138.921","138.903","0.226","0","0.07","31.1","{}"
"Salée synthétique","26C","target","137.048","136.837","136.819","0.229","0","0.07","31.1","{}"
"Salée synthétique","26C","modest","137.048","136.837","136.819","0.229","0","0.07","31.1","{}"
"Salée synthétique","26D","minimum","125.899","125.967","125.865","0.034","1","0.08","45.6","{""chaux"":0.3}"
"Salée synthétique","26D","target","122.548","122.617","122.512","0.035","1","0.07","45.6","{""chaux"":0.3}"
"Salée synthétique","26D","modest","123.594","123.663","123.559","0.035","1","0.07","45.6","{""chaux"":0.3}"
"Salée synthétique","NA-BLONDE","minimum","113.748","113.748","113.748","0.000","0","0.05","31.1","{}"
"Salée synthétique","NA-BLONDE","target","111.912","111.912","111.912","0.000","0","0.05","31.1","{}"
"Salée synthétique","NA-BLONDE","modest","112.497","112.497","112.497","-0.000","0","0.05","31.1","{}"
"Salée synthétique","NA-IPA","minimum","98.855","98.280","98.268","0.588","0","0.07","31.1","{}"
"Salée synthétique","NA-IPA","target","96.737","96.150","96.137","0.601","0","0.07","31.1","{}"
"Salée synthétique","NA-IPA","modest","97.413","96.830","96.817","0.596","0","0.07","31.1","{}"
"Salée synthétique","NA-WEISS","minimum","117.011","117.011","117.011","0.000","0","0.05","31.1","{}"
"Salée synthétique","NA-WEISS","target","115.228","115.228","115.228","0.000","0","0.04","31.1","{}"
"Salée synthétique","NA-WEISS","modest","115.796","115.796","115.796","-0.000","0","0.04","31.1","{}"
"Salée synthétique","NA-STOUT","minimum","100.756","100.756","100.760","-0.004","1","0.06","98.6","{""chaux"":1.4}"
"Salée synthétique","NA-STOUT","target","98.201","98.201","98.205","-0.004","1","0.05","98.6","{""chaux"":1.4}"
"Salée synthétique","NA-STOUT","modest","100.714","100.714","100.718","-0.004","1","0.21","98.6","{""chaux"":1.4}"
"Salée synthétique","NA-LAGER","minimum","126.507","126.507","126.507","0.000","0","0.05","31.1","{}"
"Salée synthétique","NA-LAGER","target","125.383","125.383","125.383","0.000","0","0.04","31.1","{}"
"Salée synthétique","NA-LAGER","modest","125.383","125.383","125.383","0.000","0","0.05","31.1","{}"
"Salée synthétique","—","minimum","126.485","126.160","126.159","0.326","0","0.08","31.1","{}"
"Salée synthétique","—","target","123.662","123.329","123.328","0.334","0","0.07","31.1","{}"
"Salée synthétique","—","modest","124.191","123.860","123.859","0.332","0","0.07","31.1","{}"
